detect_id,detect_ts,detect_lat,detect_lon,gnn_decision,gnn_vessel_id,gnn_confidence,gnn_empirical_precision,gnn_candidate_count,ais_verdict,ais_before_km,ais_after_km,length_m_inferred,speed_kn_inferred,matching_score,matching_score_secondary,score_no_length,is_band1,is_band3,in_routed,excluded_vessel_filter,excluded_fixed_infra_v2,excluded_fixed_structure,excluded_on_land,excluded_graph_transitive,excluded_manual_noise,excluded_not_in_pipe,imo,source,vessel_id_topcand,top_candidate_prob,max_cos,date,name,during_freeze,km_from_broadcast,sources,excluded,excl_flags
S2A_MSIL1C_20170804T154911_N0205_R054_T18SVJ_20170804T155116;-75.5124550;39.4135450,2017-08-04 15:51:16.340000+00:00,39.413545,-75.512455,assigned,IMO-9259599,0.7316679660894181,0.988173,6,plausible,25.882844405349402,191.68507528989207,263.0,1.15,0.0,,,False,True,True,False,False,False,False,False,False,False,9259599,reid,,,,2017-08-04,AKKORD,False,8231,raw+reid,False,
S2B_MSIL1C_20171122T064149_N0206_R120_T40RDN_20171122T084845;56.96694300;25.0283290,2017-11-22 06:46:34.470000+00:00,25.028329,56.966943,assigned,IMO-9259599,0.7539277107457529,0.991075,6,plausible,32.56123004414106,558.8588101826897,215.2,11.45,0.00026285341908673034,,0.0015341763020617592,False,False,False,False,False,False,False,False,False,False,9259599,reid,,,,2017-11-22,AKKORD,False,3152,raw+reid,False,
S2B_MSIL1C_20180221T074929_N0206_R135_T35HNB_20180221T131117;27.90560900;-35.093843,2018-02-21 08:14:05.640000+00:00,-35.093843,27.905609,assigned,IMO-9259599,0.7422669789213501,0.989556,7,plausible,105.39815562394004,640.8732436611288,223.79999999999998,13.05,8.908529787262193e-06,,0.00012170935518063638,False,False,False,False,False,False,False,False,False,False,9259599,reid,,,,2018-02-21,AKKORD,False,8525,raw+reid,False,
S2B_MSIL1C_20180319T030539_N0206_R075_T48NVG_20180319T064117;104.5841000;1.44703100,2018-03-19 03:25:47.670000+00:00,1.447031,104.5841,assigned,IMO-9259599,0.7330624289605794,0.988173,6,plausible,44.5788238322778,54.030625115804035,238.9,8.41,0.0,,,False,True,True,False,False,False,False,False,False,False,9259599,reid,,,,2018-03-19,AKKORD,False,8696,raw+reid,False,
S2B_MSIL1C_20180327T022549_N0206_R046_T50QQH_20180327T060147;119.8790850;20.1204620,2018-03-27 02:41:36.910000+00:00,20.120462,119.879085,assigned,IMO-9259599,0.7046125340210985,0.98324,6,plausible,144.1510226409908,308.0873877733813,184.8,11.13,5.911887336904844e-05,,0.0003685174477073245,False,False,False,False,False,False,False,False,False,False,9259599,reid,,,,2018-03-27,AKKORD,False,8601,raw+reid,False,
S2A_MSIL1C_20180329T021651_N0206_R003_T51RVL_20180329T041051;123.0308810;27.6870370,2018-03-29 02:16:48.460000+00:00,27.687037,123.030881,assigned,IMO-9259599,0.7199182449044912,0.985507,6,plausible,350.12475862583676,214.07660766141987,192.7,2.84,0.00012290425359857046,,0.0007661235620270067,False,False,False,False,False,False,False,False,False,False,9259599,reid,,,,2018-03-29,AKKORD,False,8311,raw+reid,False,
S2A_MSIL1C_20180427T024551_N0206_R132_T49PEK_20180427T073238;111.3830280;8.78537100,2018-04-27 03:04:41.300000+00:00,8.785371,111.383028,assigned,IMO-9259599,0.7544613998596859,0.991075,7,plausible,252.8083535734653,284.59092271789854,210.5,13.55,0.00023489867087977313,,0.0014642406684931407,False,False,False,False,False,False,False,False,False,False,9259599,reid,,,,2018-04-27,AKKORD,False,8719,raw+reid,False,
S2A_MSIL1C_20180503T030541_N0206_R075_T48NVG_20180503T082539;104.8998120;1.42508200,2018-05-03 03:26:32.740000+00:00,1.425082,104.899812,assigned,IMO-9259599,0.7789560057010725,0.99648,7,plausible,53.357938504563485,4.922545455802317,211.20000000000002,12.06,0.0001619671314180167,,0.0035992695870670378,False,False,False,False,False,False,False,False,False,False,9259599,reid,,,,2018-05-03,AKKORD,False,8723,raw+reid,False,
S2A_MSIL1C_20180716T060631_N0206_R134_T42RTN_20180716T090615;66.46132000;24.8825540,2018-07-16 06:20:59.330000+00:00,24.882554,66.46132,assigned,IMO-9259599,0.7577304121647757,0.991075,7,plausible,0.12714652391404416,8.799695700027437,211.6,0.26,3.3836778582290896e-08,,6.676227478119715e-07,False,True,True,False,False,False,False,False,False,False,9259599,reid,,,,2018-07-16,AKKORD,False,3896,raw+reid,False,
S2B_MSIL1C_20180809T081559_N0206_R121_T34HDG_20180809T120858;20.04685400;-35.134415,2018-08-09 08:42:00.620000+00:00,-35.134415,20.046854,assigned,IMO-9259599,0.723823117387326,0.987741,8,plausible,76.01753475539145,611.8917265707034,238.79999999999998,15.52,3.801618774998447e-09,0.0013678660558811477,7.515006087815782e-08,False,False,False,False,False,False,False,False,False,False,9259599,reid,,,,2018-08-09,AKKORD,False,8579,raw+reid,False,
S2A_MSIL1C_20180815T093031_N0206_R136_T32MMB_20180815T134430;8.175144000;-3.2204290,2018-08-15 09:42:16.980000+00:00,-3.220429,8.175144,assigned,IMO-9259599,0.782183154961082,0.99648,6,plausible,83.91621947557257,589.4082588596455,196.20000000000002,12.69,0.00010446376543936667,,0.0006097156122908704,False,False,False,False,False,False,False,False,False,False,9259599,reid,,,,2018-08-15,AKKORD,False,5412,raw+reid,False,
S2A_MSIL1C_20200408T082601_N0209_R021_T36TYQ_20200408T122457;36.39250400;44.8142340,2020-04-08 08:37:44.349000+00:00,44.814234,36.392504,assigned,IMO-9259599,0.7608240006904765,0.991075,4,plausible,0.5259757620442252,0.8736264838994126,194.4,1.0,0.0006825080508333228,,0.006506989454558604,False,False,False,False,False,False,False,False,False,False,9259599,reid,,,,2020-04-08,AKKORD,False,691,raw+reid,False,
S2B_MSIL1C_20200723T025549_N0209_R032_T49PCK_20200723T063203;109.5605580;8.56579800,2020-07-23 03:15:41.251000+00:00,8.565798,109.560558,assigned,IMO-9259599,0.8072192876472997,0.99648,3,plausible,1014.7277947164666,2018.3696418634443,220.0,10.87,0.0,,,False,True,True,False,False,False,False,False,False,False,9259599,reid,,,,2020-07-23,AKKORD,False,8583,raw+reid,False,
S2A_MSIL1C_20200810T030551_N0209_R075_T48NVG_20200810T060613;104.8946710;1.75394900,2020-08-10 03:27:54.656000+00:00,1.753949,104.894671,assigned,IMO-9259599,0.8106548702585634,0.99648,3,plausible,0.08618221574856536,0.08782020140381314,223.79999999999998,0.68,4.053504100714145e-06,,9.007786890475878e-05,False,True,True,False,False,False,False,False,False,False,9259599,reid,,,,2020-08-10,AKKORD,False,8698,raw+reid,False,
S2A_MSIL1C_20200916T025551_N0209_R032_T49PCK_20200916T055932;109.4197530;8.40945400,2020-09-16 03:15:43.609000+00:00,8.409454,109.419753,novel,,0.0,,3,,,,230.9,11.3,0.0,,,False,True,,,,,,,,,9259599,raw,IMO-9259599,0.0,,2020-09-16,AKKORD,False,8583,raw,False,
S2B_MSIL1C_20200922T022549_N0209_R046_T51SXU_20200922T041154;124.1397560;34.3804100,2020-09-22 02:38:02.879000+00:00,34.38041,124.139756,assigned,IMO-9259599,0.8169527223799378,0.99648,1,plausible,1113.8627518755447,387.60199455892996,228.6,12.24,1.5182491317666984e-05,,0.00020742493682302077,False,False,False,False,False,False,False,False,False,False,9259599,reid,,,,2020-09-22,AKKORD,False,7928,raw+reid,False,
S2B_MSIL1C_20210117T022029_N0209_R003_T52SBC_20210117T034809;126.7873250;33.8410560,2021-01-17 02:28:13.834000+00:00,33.841056,126.787325,assigned,IMO-9259599,0.7532109123008581,0.991075,1,plausible,213.4326798891547,165.4460853037889,241.6,12.56,0.000681198342521467,,0.003975897889140079,False,False,False,False,False,False,False,False,False,False,9259599,reid,,,,2021-01-17,AKKORD,False,8156,raw+reid,False,
S2A_MSIL1C_20210118T024031_N0209_R089_T51SUU_20210118T045118;121.4838420;34.9717950,2021-01-18 02:48:08.129000+00:00,34.971795,121.483842,assigned,IMO-9259599,0.7802659295353678,0.99648,3,plausible,337.0181059270919,126.20669584444732,223.0,11.24,2.93918291870866e-06,,6.531517597130356e-05,False,True,True,False,False,False,False,False,False,False,9259599,reid,,,,2021-01-18,AKKORD,False,7695,raw+reid,False,
S2A_MSIL1C_20210204T022911_N0209_R046_T50QPE_20210204T053124;118.4159680;17.5151590,2021-02-04 02:42:56.637000+00:00,17.515159,118.415968,assigned,IMO-9259599,0.8181978995016834,0.996629,3,plausible,287.32607538267865,50.60594313466036,224.20000000000002,9.23,1.8095930238414444e-05,,0.00011280096600828753,False,False,False,False,False,False,False,False,False,False,9259599,reid,,,,2021-02-04,AKKORD,False,8670,raw+reid,False,
S2B_MSIL1C_20210320T025549_N0209_R032_T48NZJ_20210322T152916;107.8739700;2.65232600,2021-03-20 03:17:10.874000+00:00,2.652326,107.87397,assigned,IMO-9259599,0.7633163199938444,0.991075,3,plausible,323.91385838450225,245.95752201603625,222.7,11.16,0.0009608400294262216,,0.005989395519918059,False,False,False,False,False,False,False,False,False,False,9259599,reid,,,,2021-03-20,AKKORD,False,8877,raw+reid,False,
S2B_MSIL1C_20210331T225459_N0300_R058_T60NUJ_20210406T162913;175.4485700;2.84580100,2021-03-31 22:55:12.945000+00:00,2.845801,175.44857,novel,,0.0,,1,,,,293.29999999999995,8.29,0.0,,,False,True,,,,,,,,,9259599,raw,IMO-9259599,0.0,,2021-03-31,AKKORD,False,14020,raw,False,
S2B_MSIL1C_20210628T011659_N0300_R031_T55SBC_20210628T025613;144.4438630;38.3868780,2021-06-28 01:26:28.205000+00:00,38.386878,144.443863,novel,,0.0,,1,,,,268.09999999999997,9.35,0.0,,,False,True,,,,,,,,,9259599,raw,IMO-9259599,0.0,,2021-06-28,AKKORD,False,8976,raw,False,
S2B_MSIL1C_20210711T030549_N0301_R075_T48NVG_20210711T060300;104.8311140;1.65922000,2021-07-11 03:27:50.564000+00:00,1.65922,104.831114,assigned,IMO-9259599,0.7493751465240628,0.991075,4,plausible,0.39412940044798667,0.2606436130986469,235.5,0.15,4.425713496413364e-06,,2.7587681378853776e-05,False,True,True,False,False,False,False,False,False,False,9259599,reid,,,,2021-07-11,AKKORD,False,8700,raw+reid,False,
S2B_MSIL1C_20210715T010649_N0301_R131_T55TFJ_20210715T023505;148.8947360;43.6717930,2021-07-15 01:14:51.673000+00:00,43.671793,148.894736,novel,,0.0,,1,,,,268.6,7.38,0.0,,,False,True,,,,,,,,,9259599,raw,IMO-9259599,0.0,,2021-07-15,AKKORD,False,8793,raw,False,
S2B_MSIL1C_20210718T000239_N0301_R030_T55GGR_20210718T010952;149.9795810;-40.445187,2021-07-18 00:07:56.363000+00:00,-40.445187,149.979581,novel,,0.0,,1,,,,256.2,7.84,0.0,,,False,True,,,,,,,,,9259599,raw,IMO-9259599,0.0,,2021-07-18,AKKORD,False,15151,raw,False,
S2A_MSIL1C_20210820T035541_N0301_R004_T46PHT_20210820T062821;96.66797300;10.7493650,2021-08-20 04:15:17.132000+00:00,10.749365,96.667973,novel,,0.0,,1,,,,296.70000000000005,9.15,0.0,,,False,True,,,,,,,,,9259599,raw,IMO-9259599,0.0,,2021-08-20,AKKORD,False,7355,raw,False,
S2B_MSIL1C_20210829T224019_N0301_R072_T59FLD_20210829T233015;168.8819480;-51.240803,2021-08-29 22:40:22.550000+00:00,-51.240803,168.881948,novel,,0.0,,1,,,,282.7,11.26,0.0,,,False,True,,,,,,,,,9259599,raw,IMO-9259599,0.0,,2021-08-29,AKKORD,False,16795,raw,False,
S2B_MSIL1C_20210920T023549_N0301_R089_T50QPF_20210920T044038;118.4527790;18.8823250,2021-09-20 02:52:34.504000+00:00,18.882325,118.452779,assigned,IMO-9259599,0.8216584702880461,0.996629,2,plausible,425.44984579270806,1925.5912598534799,187.8,9.71,1.857411477016122e-05,,0.00017708445898862552,False,False,False,False,False,False,False,False,False,False,9259599,reid,,,,2021-09-20,AKKORD,False,8575,raw+reid,False,
S2B_MSIL1C_20211005T222549_N0301_R029_T59GQL_20211005T232622;173.6421190;-45.141764,2021-10-05 22:28:26.893000+00:00,-45.141764,173.642119,novel,,0.0,,1,,,,298.9,10.49,0.0,,,False,True,,,,,,,,,9259599,raw,IMO-9259599,0.0,,2021-10-05,AKKORD,False,17143,raw,False,
S2B_MSIL1C_20211009T030629_N0301_R075_T48NVG_20211009T055440;104.8956680;1.60729400,2021-10-09 03:27:49.442000+00:00,1.607294,104.895668,assigned,IMO-9259599,0.8228564021650051,0.996629,2,plausible,0.11239605107115166,0.12635731302969103,204.7,0.34,1.111731799602986e-05,,6.488759351601211e-05,False,False,False,False,False,False,False,False,False,False,9259599,reid,,,,2021-10-09,AKKORD,False,8709,raw+reid,False,
S2A_MSIL1C_20211024T030811_N0301_R075_T49NBJ_20211024T053818;108.3848960;7.16674700,2021-10-24 03:25:56.388000+00:00,7.166747,108.384896,assigned,IMO-9259599,0.7774758646939972,0.99648,2,plausible,829.5367322520252,695.5841896599837,199.4,11.19,4.406352139936879e-06,,2.74669923794487e-05,False,True,True,False,False,False,False,False,False,False,9259599,reid,,,,2021-10-24,AKKORD,False,8588,raw+reid,False,
S2B_MSIL1C_20211112T012719_N0301_R131_T53MQV_20211112T024543;136.9041970;-0.6551580,2021-11-12 01:27:21.488000+00:00,-0.655158,136.904197,novel,,0.0,,1,,,,240.6,7.66,0.0,,,False,True,,,,,,,,,9259599,raw,IMO-9259599,0.0,,2021-11-12,AKKORD,False,11526,raw,False,
S2B_MSIL1C_20211118T001109_N0301_R073_T56KNE_20211118T012338;153.1130330;-18.453329,2021-11-18 00:11:44.665000+00:00,-18.453329,153.113033,assigned,IMO-9259599,0.03900475727267416,0.438667,5,plausible,7006.790264716729,9934.214864037103,261.90000000000003,8.79,0.0,,,False,True,False,True,False,False,False,False,False,False,9259599,reid,,,,2021-11-18,AKKORD,False,14162,raw+reid,True,vessel_filter
S2A_MSIL1C_20211129T015021_N0301_R017_T55VDD_20211129T030057;146.0364220;57.6720250,2021-11-29 01:51:08.825000+00:00,57.672025,146.036422,novel,,0.0,,1,,,,216.1,11.61,0.0,,,False,True,,,,,,,,,9259599,raw,IMO-9259599,0.0,,2021-11-29,AKKORD,False,7527,raw,False,
S2B_MSIL1C_20211230T223629_N0301_R115_T60MXV_20211230T235239;178.7135270;-5.1873000,2021-12-30 22:37:21.605000+00:00,-5.1873,178.713527,novel,,0.0,,1,,,,280.3,9.05,0.0,,,False,True,,,,,,,,,9259599,raw,IMO-9259599,0.0,,2021-12-30,AKKORD,False,14971,raw,False,
S2A_MSIL1C_20220112T234311_N0301_R087_T57JWN_20220113T005822;159.1892940;-24.783196,2022-01-12 23:43:23.713000+00:00,-24.783196,159.189294,novel,,0.0,,1,,,,280.5,7.23,0.0,,,False,True,,,,,,,,,9259599,raw,IMO-9259599,0.0,,2022-01-12,AKKORD,False,15086,raw,False,
S2B_MSIL1C_20220122T072209_N0301_R006_T37MHP_20220122T091432;42.60210600;-5.9957420,2022-01-22 07:41:22.495000+00:00,-5.995742,42.602106,novel,,0.0,,1,,,,286.2,9.97,0.0,,,False,True,,,,,,,,,9259599,raw,IMO-9259599,0.0,,2022-01-22,AKKORD,False,5464,raw,False,
S2B_MSIL1C_20220510T031539_N0400_R118_T48NVG_20220510T060151;104.5380840;1.80301900,2022-05-10 03:37:41.126000+00:00,1.803019,104.538084,assigned,IMO-9259599,0.7293067066918582,0.988173,2,plausible,81.64142619799142,63.38654027484906,216.1,5.62,6.864808866836698e-09,,2.835324294195094e-07,False,True,True,False,False,False,False,False,False,False,9259599,reid,,,,2022-05-10,AKKORD,False,8665,raw+reid,False,
S2A_MSIL1C_20220515T031541_N0400_R118_T48NVG_20220515T053314;104.5643570;1.71834600,2022-05-15 03:37:48.192000+00:00,1.718346,104.564357,assigned,IMO-9259599,0.8323628350344734,0.996629,1,plausible,79.04309448842486,98.10979096258262,221.70000000000002,0.5,1.2842644552296724e-06,,9.006907767022789e-06,False,True,True,False,False,False,False,False,False,False,9259599,reid,,,,2022-05-15,AKKORD,False,8674,raw+reid,False,
S2B_MSIL1C_20220629T031529_N0400_R118_T48NVG_20220629T055826;104.5662480;1.70486700,2022-06-29 03:37:48.899000+00:00,1.704867,104.566248,assigned,IMO-9259599,0.7785536885221802,0.99648,2,plausible,11.97488520353089,53.84499662132969,253.0,3.12,0.0,,,False,True,True,False,False,False,False,False,False,False,9259599,reid,,,,2022-06-29,AKKORD,False,8675,raw+reid,False,
S2A_MSIL1C_20230221T021721_N0509_R003_T52SCD_20230221T040532;127.7937850;34.7805940,2023-02-21 02:27:52.890000+00:00,34.780594,127.793785,assigned,IMO-9259599,0.8322508167151597,0.996629,2,plausible,0.1228857739340389,0.13819703139935807,243.0,0.38,5.799030742239484e-09,0.0008335276000149866,4.067023331587879e-08,False,True,True,False,False,False,False,False,False,False,9259599,reid,,,,2023-02-21,AKKORD,False,8161,raw+reid,False,
S2B_MSIL1C_20240528T020649_N0510_R103_T53TLH_20240528T032648;132.9224360;42.7506190,2024-05-28 02:15:30.746000+00:00,42.750619,132.922436,assigned,IMO-9259599,0.8156035227340261,0.99648,1,plausible,870.2532378974036,867.0809900983821,236.6,0.22,0.00013205424576344786,,0.002934538794743286,False,False,False,False,False,False,False,False,False,False,9259599,reid,,,,2024-05-28,AKKORD,False,7937,raw+reid,False,
S2A_MSIL1C_20240609T015701_N0510_R060_T52TGL_20240609T034653;132.0501950;41.3435490,2024-06-09 02:06:13.660000+00:00,41.343549,132.050195,assigned,IMO-9259599,0.8028583474822568,0.99648,1,plausible,7.059194474390459,11.066312265186477,196.4,0.04,0.0003281586784239653,,0.0031286445007050975,False,False,False,False,False,False,False,False,False,False,9259599,reid,,,,2024-06-09,AKKORD,False,7982,raw+reid,False,
S2B_MSIL1C_20250525T024529_N0511_R132_T50SPH_20250525T045929;118.9664340;38.0813330,2025-05-25 02:57:15.147000+00:00,38.081333,118.966434,assigned,IMO-9259599,0.817491119250974,0.99648,1,plausible,60.59077649585732,192.7644867811617,278.6,0.14,1.5886989897157635e-05,0.0004936343042468293,0.0009699184645062271,False,False,False,False,False,False,False,False,False,False,9259599,reid,,,,2025-05-25,AKKORD,False,7310,raw+reid,False,
S2A_MSIL1C_20250525T030151_N0511_R032_T50SPH_20250525T052657;118.9664340;38.0813330,2025-05-25 03:07:26.486000+00:00,38.081333,118.966434,assigned,IMO-9259599,0.7287686379310685,0.988173,3,plausible,60.59077649585732,192.7644867811617,260.59999999999997,0.18,3.707077056820809e-05,0.00032889238493817526,0.003439538933210758,False,False,False,False,False,False,False,False,False,False,9259599,reid,,,,2025-05-25,AKKORD,False,7310,raw+reid,False,
S2B_MSIL1C_20250528T025529_N0511_R032_T50SPH_20250528T044608;119.0210020;38.1005030,2025-05-28 03:07:10.992000+00:00,38.100503,119.021002,assigned,IMO-9259599,0.8198296397685887,0.996629,1,plausible,55.39008096969744,187.65096264259046,244.7,6.47,0.0002020997488685622,,0.004491105530412494,False,False,False,False,False,False,False,False,False,False,9259599,reid,,,,2025-05-28,AKKORD,False,7313,raw+reid,False,
S2C_MSIL1C_20250618T031541_N0511_R118_T48NVH_20250618T065046;104.7330810;1.91949500,2025-06-18 03:37:47.609000+00:00,1.919495,104.733081,assigned,IMO-9259599,0.9075194597244263,,2,,,,244.8,0.26,5.4155833697017266e-08,4.187873470688163e-07,0.05415583369701727,False,False,,,,,,,,,9259599,raw,IMO-9259599,0.9075194597244263,,2025-06-18,AKKORD,False,8673,raw,False,
S2B_MSIL1C_20250623T031519_N0511_R118_T48NVH_20250623T064247;104.7318930;2.03810300,2025-06-23 03:37:30.257000+00:00,2.038103,104.731893,assigned,IMO-9259599,0.813388118614288,0.99648,1,plausible,126.13983614358105,115.71596087619118,225.2,0.14,7.367587187359144e-09,0.002650942407379485,7.024211959866654e-08,False,False,False,False,False,False,False,False,False,False,9259599,reid,,,,2025-06-23,AKKORD,False,8664,raw+reid,False,
S2C_MSIL1C_20250801T025611_N0511_R032_T50SPH_20250801T044911;119.0973290;38.1376430,2025-08-01 03:07:30.689000+00:00,38.137643,119.097329,assigned,IMO-9259599,0.8027314061093307,0.99648,2,plausible,137.4982371279316,177.33967840730506,243.29999999999998,0.46,0.0,,,False,True,True,False,False,False,False,False,False,False,9259599,reid,,,,2025-08-01,AKKORD,False,7316,raw+reid,False,
S2B_MSIL1C_20250803T024529_N0511_R132_T50SPH_20250803T042910;118.9666570;38.0811490,2025-08-03 02:57:14.394000+00:00,38.081149,118.966657,assigned,IMO-9259599,0.8149422010075149,0.99648,1,plausible,150.36705452671234,189.74516555185272,260.0,0.13,3.1299541438876415e-08,0.0026325125329633636,4.2761792315295064e-07,False,False,False,False,False,False,False,False,False,False,9259599,reid,,,,2025-08-03,AKKORD,False,7310,raw+reid,False,
S2A_MSIL1C_20260310T082751_N0512_R021_T36SVA_20260310T121134;32.26890700;31.5725100,2026-03-10 08:41:40.101000+00:00,31.57251,32.268907,assigned,IMO-9259599,0.7651966955752982,0.991075,2,plausible,0.11701021805770388,0.1271676137769154,227.8,0.2,0.000674014279749232,0.00026677268785211194,0.6035386936604081,False,False,False,False,False,False,False,False,False,False,9259599,reid,,,,2026-03-10,AKKORD,False,1146,raw+reid,False,
S2B_MSIL1C_20260412T082559_N0512_R021_T36RVV_20260412T120451;32.27470500;31.5721820,2026-04-12 08:41:32.605000+00:00,31.572182,32.274705,assigned,IMO-9259599,0.9023734331130981,,1,,,,241.20000000000002,0.05,0.005054878024616432,0.00019738048796621812,6.503438244521084,True,False,,,,,,,,,9259599,raw,IMO-9259599,0.9023734331130981,,2026-04-12,AKKORD,False,1146,raw,False,
S2B_MSIL1C_20260422T082559_N0512_R021_T36RVV_20260422T120457;32.27418100;31.5718180,2026-04-22 08:41:30.380000+00:00,31.571818,32.274181,assigned,IMO-9259599,0.8934992551803589,,1,,,,235.2,0.12,0.008421670124696823,0.00032884539460857013,7.54109213737945,True,False,,,,,,,,,9259599,raw,IMO-9259599,0.8934992551803589,,2026-04-22,AKKORD,False,1146,raw,False,
S2A_MSIL1C_20260429T082751_N0512_R021_T36RVV_20260429T121052;32.27460100;31.5720010,2026-04-29 08:41:49.964000+00:00,31.572001,32.274601,assigned,IMO-9259599,0.9037464261054993,,1,,,,209.7,0.08,0.00015870680509603776,0.00022897520135363445,0.07258172414710401,False,False,,,,,,,,,9259599,raw,IMO-9259599,0.9037464261054993,,2026-04-29,AKKORD,False,1146,raw,False,
S2A_MSIL1C_20260519T082751_N0512_R021_T36SVA_20260519T122402;32.27492100;31.5714620,2026-05-19 08:41:35.600000+00:00,31.571462,32.274921,assigned,IMO-9259599,0.8983399868011475,,1,,,,225.3,0.02,0.011890199596693171,0.00046428289406431564,7.72290793945821,True,False,,,,,,,,,9259599,raw,IMO-9259599,0.8983399868011475,,2026-05-19,AKKORD,False,1146,raw,False,
S2B_MSIL1C_20260522T082559_N0512_R021_T36RVV_20260522T120435;32.27523300;31.5720950,2026-05-22 08:41:30.326000+00:00,31.572095,32.275233,assigned,IMO-9259599,0.9097325801849365,,1,,,,225.3,0.04,0.0003206289826285042,0.00019216380248621547,6.624408339492514,False,False,,,,,,,,,9259599,raw,IMO-9259599,0.9097325801849365,,2026-05-22,AKKORD,False,1146,raw,False,
S2A_MSIL1C_20260529T083531_N0512_R021_T36RVV_20260529T121111;32.27533900;31.5720050,2026-05-29 08:41:51.089000+00:00,31.572005,32.275339,assigned,IMO-9259599,0.9049655199050903,,1,,,,234.1,0.05,0.009210998744838425,0.00035966672549935327,8.24788779228201,True,False,,,,,,,,,9259599,raw,IMO-9259599,0.9049655199050903,,2026-05-29,AKKORD,False,1146,raw,False,
S2B_MSIL1C_20260601T082559_N0512_R021_T36SVA_20260601T120435;32.27492000;31.5716420,2026-06-01 08:25:59+00:00,31.571642,32.27492,assigned,IMO-9259599,0.9187251329421997,,1,,,,246.1,0.03,,,4.21606657697007,False,False,,,,,,,,,9259599,raw,IMO-9259599,0.9187251329421997,,2026-06-01,AKKORD,False,1146,raw,False,
S2B_MSIL1C_20260601T082559_N0512_R021_T36RVV_20260601T120435;32.27491900;31.5717320,2026-06-01 08:25:59+00:00,31.571732,32.274919,assigned,IMO-9259599,0.9017865657806396,,1,,,,243.79999999999998,0.07,0.007359608923804708,0.0002873745308090465,9.468628502350867,True,False,,,,,,,,,9259599,raw,IMO-9259599,0.9017865657806396,,2026-06-01,AKKORD,False,1146,raw,False,
S2C_MSIL1C_20260606T082601_N0512_R021_T36SVA_20260606T120934;32.27449500;31.5720910,2026-06-06 08:41:18.913000+00:00,31.572091,32.274495,assigned,IMO-9259599,0.7892675128928808,0.99648,1,plausible,0.03507939769464214,0.1472403317580727,224.20000000000002,0.22,0.0009173523617087316,0.00044205443675367884,0.5958375870739324,False,False,False,False,False,False,False,True,False,False,9259599,reid,,,,2026-06-06,AKKORD,False,1146,raw+reid,True,graph_transitive
S2B_MSIL1C_20260611T082559_N0512_R021_T36SVA_20260611T122455;32.27512900;31.5719140,2026-06-11 08:25:59+00:00,31.571914,32.275129,assigned,IMO-9259599,0.9267117977142334,,1,,,,245.3,0.38,0.0032787220506369378,0.0003118333167299894,4.218294936777403,True,False,,,,,,,,,9259599,raw,IMO-9259599,0.9267117977142334,,2026-06-11,AKKORD,False,1146,raw,False,
S2B_MSIL1C_20260611T082559_N0512_R021_T36RVV_20260611T122455;32.27512900;31.5719140,2026-06-11 08:41:32.413000+00:00,31.571914,32.275129,assigned,IMO-9259599,0.907450258731842,,1,,,,243.1,0.43,0.00046636631622724763,0.00031196032706465527,4.220013056756557,False,False,,,,,,,,,9259599,raw,IMO-9259599,0.907450258731842,,2026-06-11,AKKORD,False,1146,raw,False,
S2C_MSIL1C_20260616T082601_N0512_R021_T36SVA_20260616T121013;32.27471100;31.5714600,2026-06-16 08:26:01+00:00,31.57146,32.274711,assigned,IMO-9259599,0.9040277004241943,,1,,,,230.5,0.04,,,7.1887624855548795,False,False,,,,,,,,,9259599,raw,IMO-9259599,0.9040277004241943,,2026-06-16,AKKORD,False,1146,raw,False,
S2C_MSIL1C_20260616T082601_N0512_R021_T36RVV_20260616T121013;32.27460500;31.5715500,2026-06-16 08:41:34.339000+00:00,31.57155,32.274605,assigned,IMO-9259599,0.8935710191726685,,1,,,,224.1,0.05,0.008514591563910278,0.00036996776722376023,5.530387127265267,True,False,,,,,,,,,9259599,raw,IMO-9259599,0.8935710191726685,,2026-06-16,AKKORD,False,1146,raw,False,
S2A_MSIL1C_20260618T083531_N0512_R021_T36SVA_20260618T121349;32.27492100;31.5715520,2026-06-18 08:35:31+00:00,31.571552,32.274921,assigned,IMO-9259599,0.915368378162384,,1,,,,234.4,0.1,,,8.799823033812933,False,False,,,,,,,,,9259599,raw,IMO-9259599,0.915368378162384,,2026-06-18,AKKORD,False,1146,raw,False,
S2B_MSIL1C_20260621T082559_N0512_R021_T36RVV_20260621T120456;32.27492100;31.5714620,2026-06-21 08:25:59+00:00,31.571462,32.274921,assigned,IMO-9259599,0.8081485754160553,0.99648,1,plausible,0.08258656592267301,0.07992778179524018,245.79999999999998,0.13,0.00026349950559634164,0.00015716257457668186,7.850680261253201,False,False,False,False,False,False,False,False,False,False,9259599,reid,,,,2026-06-21,AKKORD,False,1146,raw+reid,False,
S2B_MSIL1C_20260621T082559_N0512_R021_T36SVA_20260621T120456;32.27492200;31.5713710,2026-06-21 08:25:59+00:00,31.571371,32.274922,assigned,IMO-9259599,0.9084156155586243,,1,,,,244.20000000000002,0.11,0.00663109983209584,0.0002589280521187453,8.531352891460083,True,False,,,,,,,,,9259599,raw,IMO-9259599,0.9084156155586243,,2026-06-21,AKKORD,False,1146,raw,False,
S2A_MSIL1C_20260628T082751_N0512_R021_T36SVA_20260628T121200;32.27481300;31.5719120,2026-06-28 08:41:36.544000+00:00,31.571912,32.274813,assigned,IMO-9259599,0.9067783355712891,,1,,,,251.6,0.06,0.00027696787182326905,0.00010962299440074567,0.5402329723384982,False,False,,,,,,,,,9259599,raw,IMO-9259599,0.9067783355712891,,2026-06-28,AKKORD,False,1146,raw,False,
S2B_MSIL1C_20260701T082559_N0512_R021_T36RVV_20260701T120453;32.27492000;31.5716420,2026-07-01 08:41:31.841000+00:00,31.571642,32.27492,assigned,IMO-9259599,0.9113078713417053,,1,,,,240.0,0.04,0.00032571577615299156,0.0003593993408216867,0.4190551038346707,False,False,,,,,,,,,9259599,raw,IMO-9259599,0.9113078713417053,,2026-07-01,AKKORD,False,1146,raw,False,
S2C_MSIL1C_20260706T082601_N0512_R021_T36RVV_20260706T120936;32.27523500;31.5718240,2026-07-06 08:41:34.026000+00:00,31.571824,32.275235,assigned,IMO-9259599,0.9067040085792542,,1,,,,232.5,0.05,0.0007571722256303799,0.0003462845277036217,7.941006843870461,False,False,,,,,,,,,9259599,raw,IMO-9259599,0.9067040085792542,,2026-07-06,AKKORD,False,1146,raw,False,
S2A_MSIL1C_20260708T083531_N0512_R021_T36SVA_20260708T121211;32.27533700;31.5722760,2026-07-08 08:41:35.114000+00:00,31.572276,32.275337,assigned,IMO-9259599,0.029567333412364505,0.405594,2,plausible,0.0948069839389607,0.10682569851566132,231.9,0.75,0.0005974686519658529,0.00041401163427482466,0.5349967508769635,False,False,False,True,False,True,False,False,False,False,9259599,reid,,,,2026-07-08,AKKORD,False,1146,raw+reid,True,"vessel_filter,fixed_structure"
S2A_MSIL1C_20260718T083531_N0512_R021_T36SVA_20260718T121121;32.27512600;31.5722750,2026-07-18 08:41:37.064000+00:00,31.572275,32.275126,assigned,IMO-9259599,0.7861518620295591,0.99648,1,plausible,0.12382114056875747,0.13667469005303712,233.0,0.03,0.0006394227823852211,0.0002530814842591261,0.5725641167736988,False,False,False,False,False,True,False,True,False,False,9259599,reid,,,,2026-07-18,AKKORD,False,1146,raw+reid,True,"fixed_structure,graph_transitive"
S2A_MSIL1C_20260718T083531_N0512_R021_T36RVV_20260718T121121;32.27533900;31.5720050,2026-07-18 08:41:51.584000+00:00,31.572005,32.275339,assigned,IMO-9259599,0.9017241597175598,,1,,,,232.5,0.05,0.00044411256189198447,0.0003449398871495854,7.910171507642886,False,False,,,,,,,,,9259599,raw,IMO-9259599,0.9017241597175598,,2026-07-18,AKKORD,False,1146,raw,False,
S2B_MSIL1C_20260721T082559_N0512_R021_T36SVA_20260721T120457;32.27533900;31.5719150,2026-07-21 08:25:59+00:00,31.571915,32.275339,assigned,IMO-9259599,0.9159836769104004,,1,,,,225.0,0.02,0.012567134225741843,0.0004907155175128303,8.162589694054503,True,False,,,,,,,,,9259599,raw,IMO-9259599,0.9159836769104004,,2026-07-21,AKKORD,False,1146,raw,False,
S2B_MSIL1C_20260721T082559_N0512_R021_T36RVV_20260721T120457;32.27533900;31.5720050,2026-07-21 08:25:59+00:00,31.572005,32.275339,assigned,IMO-9259599,0.9043818116188049,,1,,,,224.20000000000002,0.06,0.0005601631856867013,0.0004734740626031583,7.875794357176829,False,False,,,,,,,,,9259599,raw,IMO-9259599,0.9043818116188049,,2026-07-21,AKKORD,False,1146,raw,False,
S2A_MSIL1C_20260728T082751_N0512_R021_T36SVA_20260728T121212;32.27460500;31.5714600,2026-07-28 08:41:37.907000+00:00,31.57146,32.274605,assigned,IMO-9259599,0.7716959334615616,0.991639,1,plausible,0.10351911544266275,14.128708937951787,220.6,0.04,0.0008926602960007635,0.0003533120790728423,0.5797996266724329,False,False,False,False,False,False,False,True,False,False,9259599,reid,,,,2026-07-28,AKKORD,False,1146,raw+reid,True,graph_transitive
S2A_MSIL1C_20260728T082751_N0512_R021_T36RVV_20260728T121212;32.27460700;31.5712790,2026-07-28 08:41:52.423000+00:00,31.571279,32.274607,assigned,IMO-9259599,0.9013305902481079,,1,,,,219.1,0.05,0.0005134616451505224,0.00041031085628068004,6.825134008010637,False,False,,,,,,,,,9259599,raw,IMO-9259599,0.9013305902481079,,2026-07-28,AKKORD,False,1146,raw,False,
S2B_MSIL1C_20260731T082559_N0512_R021_T36RVV_20260731T120506;32.20942500;31.5905610,2026-07-31 08:25:59+00:00,31.590561,32.209425,assigned,IMO-9259599,0.8982557058334351,,1,,,,233.0,0.07,0.008625690026787912,0.00033681186731739776,7.7237795208494155,True,False,,,,,,,,,9259599,raw,IMO-9259599,0.8982557058334351,,2026-07-31,AKKORD,False,1143,raw,False,
S2C_MSIL1C_20260811T084601_N0512_R107_T35TPF_20260811T122934;28.78791600;40.9449490,2026-08-11 08:58:58.648000+00:00,40.944949,28.787916,assigned,IMO-9259599,0.9098333716392517,,1,,,,245.79999999999998,0.09,0.00031884754291966157,0.0001261988337567067,0.6219203501849783,False,False,,,,,,,,,9259599,raw,IMO-9259599,0.9098333716392517,,2026-08-11,AKKORD,False,74,raw,False,
S2A_MSIL1C_20260813T085431_N0512_R107_T35TQF_20260813T123233;30.17056600;41.3810900,2026-08-13 08:54:31+00:00,41.38109,30.170566,assigned,IMO-9259599,0.8298041752007066,0.996629,1,plausible,89.92931459674055,89.92933063469418,221.70000000000002,0.34,5.15081503641235e-07,,1.1446255636471891e-05,False,True,True,False,False,False,False,False,False,False,9259599,reid,,,,2026-08-13,AKKORD,False,90,raw+reid,False,
S2A_MSIL1C_20260813T085431_N0512_R107_T36TTL_20260813T123233;30.17058000;41.3810760,2026-08-13 08:54:31+00:00,41.381076,30.17058,assigned,IMO-9259599,0.9245433211326599,,1,,,,231.70000000000002,0.64,,,,False,True,,,,,,,,,9259599,raw,IMO-9259599,0.9245433211326599,,2026-08-13,AKKORD,False,90,raw,False,
S2C_MSIL1C_20260817T044331_N0512_R047_T43FFV_20260817T073858;76.56855700;-54.186111,2026-08-17 04:43:31+00:00,-54.186111,76.568557,assigned,IMO-9259599,0.026828907910788846,0.390261,32,impossible_speed,11564.634957998604,11564.634957998607,84.2,7.86,5.8430906208021445e-09,,2.71979971132975e-05,False,True,False,True,False,False,False,False,False,False,9259599,reid,,,,2026-08-17,AKKORD,True,11565,raw+reid,True,vessel_filter
S2B_MSIL1C_20260817T081559_N0512_R121_T37TCF_20260817T115502;37.64497400;41.2583740,2026-08-17 08:15:59+00:00,41.258374,37.644974,assigned,IMO-9259599,0.8325153225690798,0.996629,1,plausible,711.46020488823,711.4602048882307,216.1,0.24,1.2165334880303795e-06,,8.531891447719474e-06,False,True,True,False,False,False,False,False,False,False,9259599,reid,,,,2026-08-17,AKKORD,True,711,hunt+raw+reid,False,
S2C_MSIL1C_20260819T080601_N0512_R078_T37TEF_20260819T102109;39.97304900;41.1859420,2026-08-19 08:06:01+00:00,41.185942,39.973049,assigned,IMO-9259599,0.7836175246491521,0.99648,2,impossible_speed,905.9641304546861,905.9641304546874,217.2,0.25,0.0,,,False,True,True,False,False,False,False,False,False,False,9259599,reid,,,,2026-08-19,AKKORD,True,906,hunt+raw+reid,False,
S2A_MSIL1C_20260821T081641_N0512_R078_T37TFH_20260821T133002;40.34321400;42.7397060,2026-08-21 08:16:41+00:00,42.739706,40.343214,assigned,IMO-9259599,0.7133932147121413,0.983666,3,impossible_speed,933.6213971333675,933.6213971333685,206.70000000000002,0.42,0.0,,,False,True,True,False,False,False,False,False,False,False,9259599,reid,,,,2026-08-21,AKKORD,True,934,hunt+raw+reid,False,
S2C_MSIL1C_20260822T081601_N0512_R121_T37TEH_20260822T103221;40.07767700;42.7643960,2026-08-22 08:28:04.256000+00:00,42.764396,40.077677,assigned,IMO-9259599,0.8445796785090351,0.996629,1,impossible_speed,912.2187538552283,912.2187538552288,190.79999999999998,0.35,0.0,,,False,True,True,False,False,False,False,False,False,False,9259599,reid,,,,2026-08-22,AKKORD,True,912,hunt+raw+reid,False,
S2A_MSIL1C_20260824T082021_N0512_R121_T37TEJ_20260824T120209;39.23514800;43.4853840,2026-08-24 08:28:07.954000+00:00,43.485384,39.235148,assigned,IMO-9259599,0.8326707611120163,0.996629,1,plausible,855.3230351063378,855.3230351063364,201.4,0.17,0.0,,,False,True,True,False,False,False,False,False,False,False,9259599,reid,,,,2026-08-24,AKKORD,True,855,hunt+raw+reid,False,
S2A_MSIL1C_20260831T081021_N0512_R078_T37TFH_20260831T115119;41.38808100;42.7103430,2026-08-31 08:10:21+00:00,42.710343,41.388081,assigned,IMO-9259599,0.8202326195490883,0.996629,1,impossible_speed,1018.5961666658169,1018.5961666658169,238.1,0.04,9.243589989296853e-07,,5.39513496032377e-06,False,True,True,False,False,False,False,False,False,False,9259599,reid,,,,2026-08-31,AKKORD,True,1019,hunt+raw+reid,False,
S2B_MSIL1C_20260903T080559_N0512_R078_T37TFH_20260903T114440;41.38594300;42.7055250,2026-09-03 08:05:59+00:00,42.705525,41.385943,assigned,IMO-9259599,0.8214622491991896,0.996629,1,impossible_speed,1018.3936742925663,,252.2,0.16,0.0,,,False,True,True,False,False,False,False,False,False,False,9259599,reid,,,,2026-09-03,AKKORD,True,1018,hunt+raw+reid,False,
S2B_MSIL1C_20260906T081559_N0512_R121_T37TCK_20260906T115442;37.83648500;44.7032550,2026-09-06 08:15:59+00:00,44.703255,37.836485,assigned,IMO-9259599,0.6636838526915767,0.978634,1,plausible,788.0387240406553,,287.8,1.41,,,,False,True,False,False,False,False,False,False,False,True,9259599,reid,,,,2026-09-06,AKKORD,True,788,raw+reid,True,not_in_pipe
S2A_MSIL1C_20260906T082751_N0512_R021_T37TCK_20260906T103245;37.83674400;44.7028970,2026-09-06 08:27:51+00:00,44.702897,37.836744,assigned,IMO-9259599,0.718929816396269,0.985507,1,plausible,788.0418439607912,,230.6,0.98,,,,False,True,False,False,False,False,False,False,False,True,9259599,reid,,,,2026-09-06,AKKORD,True,788,raw+reid,True,not_in_pipe
S2B_MSIL1C_20260909T082559_N0512_R021_T37TDK_20260909T120504;37.83648100;44.7034350,2026-09-09 08:25:59+00:00,44.703435,37.836481,assigned,IMO-9259599,0.15506843340904997,0.67037,1,plausible,788.0463241938327,,263.9,0.81,,,,False,True,False,False,False,False,False,False,False,True,9259599,reid,,,,2026-09-09,AKKORD,True,788,raw+reid,True,not_in_pipe
S2B_MSIL1C_20260909T082559_N0512_R021_T37TCK_20260909T120504;37.83635700;44.7033430,2026-09-09 08:25:59+00:00,44.703343,37.836357,assigned,IMO-9259599,0.15324856268164044,0.649194,1,plausible,788.0332847781201,,297.3,0.7,,,,False,True,False,False,False,False,False,False,False,True,9259599,reid,,,,2026-09-09,AKKORD,True,788,raw+reid,True,not_in_pipe
S2A_MSIL1C_20260910T081641_N0512_R078_T37TEH_20260910T115336;40.00850300;43.0949730,2026-09-10 08:16:41+00:00,43.094973,40.008503,assigned,IMO-9259599,0.6191276792707043,0.969116,2,plausible,910.3705966939572,,211.1,0.94,0.0,,,False,True,True,False,False,False,False,False,False,False,9259599,reid,,,,2026-09-10,AKKORD,True,910,raw+reid,False,
S2B_MSIL1C_20181005T030549_N0206_R075_T48NVG_20181005T064938;104.8331000;1.55264400,2018-10-05 03:19:11.380000+00:00,1.552644,104.8331,assigned,IMO-9388780,0.1683278410216804,0.677982,21,plausible,143.28124017323992,137.30198604905283,251.1,0.07,0.0,,,False,True,True,False,False,False,False,False,False,False,9388780,reid,,,,2018-10-05,DEMANTOID,False,8698,raw+reid,False,
S2B_MSIL1C_20190103T031129_N0207_R075_T48NVG_20190103T054817;104.9701060;1.72472900,2019-01-03 03:27:46.530000+00:00,1.724729,104.970106,assigned,IMO-9388780,0.5460490149175712,0.946632,12,plausible,105.61270998688386,125.15990798949554,208.1,0.04,4.506705349789289e-05,,0.0004296664947772655,False,False,False,False,False,False,False,False,False,False,9388780,reid,,,,2019-01-03,DEMANTOID,False,8697,raw+reid,False,
S2B_MSIL1C_20190202T030939_N0207_R075_T48NWG_20190202T063925;105.0186560;1.75938000,2019-02-02 03:27:46+00:00,1.75938,105.018656,assigned,IMO-9388780,0.621316884852785,0.969116,11,plausible,,113.95315601684865,250.0,0.16,2.1945883136071103e-05,,0.00021045022986456103,False,False,False,False,False,False,False,False,False,False,9388780,reid,,,,2019-02-02,DEMANTOID,False,8698,raw+reid,False,
S2B_MSIL1C_20190212T030839_N0207_R075_T48NWH_20190212T072115;105.0128120;1.76679900,2019-02-12 03:27:31+00:00,1.766799,105.012812,assigned,IMO-9388780,0.6004732838183813,0.96355,12,plausible,159.3043681521711,,244.20000000000002,0.29,1.5856279096016147e-05,,0.00011120454417657173,False,False,False,False,False,False,False,False,False,False,9388780,reid,,,,2019-02-12,DEMANTOID,False,8697,raw+reid,False,
S2A_MSIL1C_20190217T030801_N0207_R075_T48NVG_20190217T074141;105.0123630;1.76670900,2019-02-17 03:27:45+00:00,1.766709,105.012363,assigned,IMO-9388780,0.49263631751913195,0.911301,12,plausible,159.25479463282733,107.32857409466662,222.3,0.02,3.832081997592248e-06,,7.57522551453802e-05,False,True,True,False,False,False,False,False,False,False,9388780,reid,,,,2019-02-17,DEMANTOID,False,8697,raw+reid,False,
S2B_MSIL1C_20190308T024549_N0207_R132_T49PEM_20190308T062101;111.5715550;10.5878430,2019-03-08 03:05:05+00:00,10.587843,111.571555,assigned,IMO-9388780,0.7005165194523215,0.98324,13,plausible,1367.2440888956946,1765.129733766286,236.9,12.29,0.0,,,False,True,True,False,False,False,False,False,False,False,9388780,reid,,,,2019-03-08,DEMANTOID,False,8595,raw+reid,False,
S2A_MSIL1C_20190310T023541_N0207_R089_T50QNF_20190310T053923;117.2986510;18.8832420,2019-03-10 02:52:35+00:00,18.883242,117.298651,assigned,IMO-9388780,0.6982130315891837,0.98324,12,plausible,2468.43471455873,659.4556086687156,222.8,11.16,1.0361671393722321e-08,,9.936333448371297e-08,False,True,True,False,False,False,False,False,False,False,9388780,reid,,,,2019-03-10,DEMANTOID,False,8474,raw+reid,False,
S2B_MSIL1C_20190312T022549_N0207_R046_T51RVL_20190312T074130;122.6487270;27.3123000,2019-03-12 02:40:00+00:00,27.3123,122.648727,assigned,IMO-9388780,0.7269444140027375,0.988173,6,plausible,426.2205635640869,848.592433849747,268.0,10.49,3.6283329916903373e-06,,2.5446519578676938e-05,False,True,True,False,False,False,False,False,False,False,9388780,reid,,,,2019-03-12,DEMANTOID,False,8303,raw+reid,False,
S2B_MSIL1C_20190326T020659_N0207_R103_T53TKE_20190326T034317;132.1071410;40.3225490,2019-03-26 02:16:18+00:00,40.322549,132.107141,assigned,IMO-9388780,0.6789551495853132,0.980576,9,plausible,277.60111309871326,506.24696414555916,204.4,12.67,1.2369589008482338e-05,,0.00011861827724246665,False,False,False,False,False,False,False,False,False,False,9388780,reid,,,,2019-03-26,DEMANTOID,False,8056,raw+reid,False,
S2B_MSIL1C_20190405T020659_N0207_R103_T52SDD_20190405T034857;127.9334260;34.5615130,2019-04-05 02:17:59+00:00,34.561513,127.933426,assigned,IMO-9388780,0.7581406134383606,0.991075,6,plausible,269.0610108536094,717.279058429172,272.5,11.48,8.828863377454484e-05,0.02415771212104104,0.0036465240780638227,False,False,False,False,False,False,False,False,False,False,9388780,reid,,,,2019-04-05,DEMANTOID,False,8182,raw+reid,False,
S2A_MSIL1C_20190419T023551_N0207_R089_T50QPK_20190419T061110;118.6874420;21.8377610,2019-04-19 02:51:42+00:00,21.837761,118.687442,assigned,IMO-9388780,0.6417106867429183,0.976052,10,plausible,148.65800409636228,122.42967224966134,243.6,0.41,2.8770325689001933e-06,,3.930634876421573e-05,False,True,True,False,False,False,False,False,False,False,9388780,reid,,,,2019-04-19,DEMANTOID,False,8377,raw+reid,False,
S2B_MSIL1C_20190615T031549_N0207_R118_T48NVG_20190615T074853;104.6655000;1.71972400,2019-06-15 03:37:51+00:00,1.719724,104.6655,assigned,IMO-9388780,0.6620165851314539,0.978634,11,plausible,36.90247948667853,120.3881495641149,253.4,0.09,6.662998302290592e-06,,6.38948779417984e-05,False,True,True,False,False,False,False,False,False,False,9388780,reid,,,,2019-06-15,DEMANTOID,False,8672,raw+reid,False,
S2B_MSIL1C_20190702T030549_N0207_R075_T48NVG_20190702T072219;104.8845160;1.68003300,2019-07-02 03:27:57+00:00,1.680033,104.884516,assigned,IMO-9388780,0.6266422006447456,0.969116,12,plausible,104.50729872260669,0.13014931225057888,248.1,0.15,0.0001702652854126552,,0.0037836730091701156,False,False,False,False,False,False,False,False,False,False,9388780,reid,,,,2019-07-02,DEMANTOID,False,8693,raw+reid,False,
S2A_MSIL1C_20190707T030551_N0207_R075_T48NVG_20190707T060043;104.8841560;1.68012300,2019-07-07 03:27:53+00:00,1.680123,104.884156,assigned,IMO-9388780,0.6816163007521752,0.980576,11,plausible,104.47508984471578,0.0961701301487188,246.70000000000002,0.28,0.0,,,False,True,True,False,False,False,False,False,False,False,9388780,reid,,,,2019-07-07,DEMANTOID,False,8693,raw+reid,False,
S2B_MSIL1C_20190712T030549_N0208_R075_T48NVG_20190712T064232;104.8846960;1.68039500,2019-07-12 03:27:57+00:00,1.680395,104.884696,assigned,IMO-9388780,0.6972393672541344,0.98324,9,plausible,0.12496719854137689,93.54684619192064,249.4,1.82,0.0,,,False,True,True,False,False,False,False,False,False,False,9388780,reid,,,,2019-07-12,DEMANTOID,False,8693,raw+reid,False,
S2A_MSIL1C_20190728T023551_N0208_R089_T50QME_20190728T061158;116.6397190;17.3149700,2019-07-28 02:53:03.806000+00:00,17.31497,116.639719,assigned,IMO-9388780,0.7410055594734573,0.989556,9,plausible,2239.429188110253,905.1797458543423,253.29999999999998,12.73,1.2017017906529699e-07,,8.427872583253718e-07,False,True,True,False,False,False,False,False,False,False,9388780,reid,,,,2019-07-28,DEMANTOID,False,8532,raw+reid,False,
S2A_MSIL1C_20190825T015651_N0208_R060_T52SFJ_20190825T034514;131.3093620;38.8927040,2019-08-25 02:06:42.275000+00:00,38.892704,131.309362,assigned,IMO-9388780,0.7618615348981734,0.991075,10,plausible,296.1308647910165,442.1389461313023,253.1,11.1,2.3138828027093355e-06,,9.556869319604435e-05,False,True,True,False,False,False,False,False,False,False,9388780,reid,,,,2019-08-25,DEMANTOID,False,8105,raw+reid,False,
S2A_MSIL1C_20190921T032541_N0208_R018_T47PRN_20190921T070251;101.9897000;11.0268980,2019-09-21 03:45:08.055000+00:00,11.026898,101.9897,assigned,IMO-9388780,0.7507845317344142,0.991075,10,plausible,197.63863305363677,575.0135951392851,229.20000000000002,10.8,9.64015969540238e-05,,0.0013170496685585718,False,False,False,False,False,False,False,False,False,False,9388780,reid,,,,2019-09-21,DEMANTOID,False,7766,raw+reid,False,
S2B_MSIL1C_20191109T030929_N0208_R075_T48NVG_20191109T063908;104.8864920;1.71911700,2019-11-09 03:27:48.279000+00:00,1.719117,104.886492,assigned,IMO-9388780,0.6249691393528423,0.969116,13,plausible,29.499131572512887,117.83838631834215,237.7,0.09,3.692336625064003e-06,,7.285232302705554e-05,False,True,True,False,False,False,False,False,False,False,9388780,reid,,,,2019-11-09,DEMANTOID,False,8690,raw+reid,False,
S2A_MSIL1C_20200114T024041_N0208_R089_T50QMF_20200114T042613;116.8294250;18.1224830,2020-01-14 02:52:38.467000+00:00,18.122483,116.829425,assigned,IMO-9388780,0.7396046036465727,0.989556,7,plausible,801.8275940580818,110.97124294627393,115.9,17.44,0.000185423548915396,,0.003658533241717447,False,False,False,False,False,False,False,False,False,False,9388780,reid,,,,2020-01-14,DEMANTOID,False,8490,raw+reid,False,
S2B_MSIL1C_20200118T031039_N0208_R075_T48NXK_20200118T064033;106.0575560;4.31361900,2020-01-18 03:26:52.709000+00:00,4.313619,106.057556,assigned,IMO-9388780,0.7043483402746595,0.98324,11,plausible,1201.5961101044597,290.5677985492441,262.2,9.89,8.368864303777119e-07,,8.025329422903876e-06,False,True,True,False,False,False,False,False,False,False,9388780,reid,,,,2020-01-18,DEMANTOID,False,8595,raw+reid,False,
S2A_MSIL1C_20200123T031021_N0208_R075_T48NXF_20200123T064254;106.1992550;0.30378700,2020-01-23 03:27:50.084000+00:00,0.303787,106.199255,assigned,IMO-9388780,0.6960432201328359,0.98324,10,plausible,263.82548086160455,544.3507439292158,230.9,11.21,0.00020488918718386136,,0.0027992195627260957,False,False,False,False,False,False,False,False,False,False,9388780,reid,,,,2020-01-23,DEMANTOID,False,8904,raw+reid,False,
S2B_MSIL1C_20200125T030009_N0208_R032_T48MYD_20200125T063231;107.5199840;-1.1600460,2020-01-25 03:18:20.561000+00:00,-1.160046,107.519984,assigned,IMO-9388780,0.7261655992471248,0.988173,10,plausible,472.8122611316831,325.205066187176,235.5,0.21,1.1837177752939348e-06,,6.908914350419801e-06,False,True,True,False,False,False,False,False,False,False,9388780,reid,,,,2020-01-25,DEMANTOID,False,9122,raw+reid,False,
S2A_MSIL1C_20200215T031821_N0209_R118_T48NVG_20200215T065124;104.5225780;1.60669700,2020-02-15 03:37:37.198000+00:00,1.606697,104.522578,assigned,IMO-9388780,0.7465547443129879,0.991075,7,plausible,74.22451109788531,75.83930489032596,238.6,0.37,0.0,,,False,True,True,False,False,False,False,False,False,False,9388780,reid,,,,2020-02-15,DEMANTOID,False,8669,raw+reid,False,
S2B_MSIL1C_20200217T030809_N0209_R075_T48NVG_20200217T064246;104.5236570;1.60724000,2020-02-17 03:27:44.562000+00:00,1.60724,104.523657,assigned,IMO-9388780,0.7721868294233936,0.991639,9,plausible,74.35827943216718,75.97279343344454,252.3,0.05,4.977540483763208e-05,0.0035046015694268225,0.0004773216609571631,False,False,False,False,False,False,False,False,False,False,9388780,reid,,,,2020-02-17,DEMANTOID,False,8669,raw+reid,False,
S2A_MSIL1C_20200303T030621_N0209_R075_T48NVG_20200303T061730;104.8851430;1.71522600,2020-03-03 03:27:44.264000+00:00,1.715226,104.885143,assigned,IMO-9388780,0.7812184319476074,0.99648,7,plausible,140.33355468953764,116.23024951106633,255.9,0.66,3.882477879530381e-05,,0.0005304285785701439,False,False,False,False,False,False,False,False,False,False,9388780,reid,,,,2020-03-03,DEMANTOID,False,8691,raw+reid,False,
S2B_MSIL1C_20200318T030539_N0209_R075_T48NVG_20200318T074252;104.8762430;1.71350700,2020-03-18 03:27:46.645000+00:00,1.713507,104.876243,assigned,IMO-9388780,0.768612107056363,0.991075,10,plausible,115.54877342956226,10.088582038649252,225.5,0.18,0.0,,,False,True,True,False,False,False,False,False,False,False,9388780,reid,,,,2020-03-18,DEMANTOID,False,8690,raw+reid,False,
S2B_MSIL1C_20200514T025549_N0209_R032_T48MXE_20200514T063155;106.6783500;-0.0973520,2020-05-14 03:18:15.115000+00:00,-0.097352,106.67835,assigned,IMO-9388780,0.7702588808823236,0.991075,10,plausible,277.033060623173,,252.0,2.6,0.0,,,False,True,True,False,False,False,False,False,False,False,9388780,reid,,,,2020-05-14,DEMANTOID,False,8974,raw+reid,False,
S2A_MSIL1C_20200515T031541_N0209_R118_T48NVH_20200515T065354;104.6922440;2.00036900,2020-05-15 03:37:34.077000+00:00,2.000369,104.692244,assigned,IMO-9388780,0.6620913119228362,0.978634,10,plausible,598.2172338343928,,224.1,0.24,0.0,,,False,True,True,False,False,False,False,False,False,False,9388780,reid,,,,2020-05-15,DEMANTOID,False,8653,raw+reid,False,
S2B_MSIL1C_20200523T032539_N0209_R018_T48QXG_20200523T070412;106.2093830;19.2741520,2020-05-23 03:42:42.188000+00:00,19.274152,106.209383,assigned,IMO-9388780,0.02261542654996962,0.383846,15,no_ais_ping,,,138.9,12.7,5.115264238533345e-06,,3.188599535321626e-05,False,True,True,False,False,False,False,False,False,False,9388780,reid,,,,2020-05-23,DEMANTOID,False,7538,raw+reid,False,
S2A_MSIL1C_20200525T031551_N0209_R118_T48NVH_20200525T062148;104.6921540;1.99991700,2020-05-25 03:37:34.964000+00:00,1.999917,104.692154,assigned,IMO-9388780,0.6518274733459997,0.978112,11,plausible,,0.22981204002662642,268.09999999999997,0.25,0.0,,,False,True,True,False,False,False,False,False,False,False,9388780,reid,,,,2020-05-25,DEMANTOID,False,8654,raw+reid,False,
S2A_MSIL1C_20200611T030551_N0209_R075_T48NVH_20200611T061543;104.6907150;2.00082100,2020-06-11 03:27:40.090000+00:00,2.000821,104.690715,assigned,IMO-9388780,0.6520989082070514,0.978112,11,no_ais_ping,,,259.40000000000003,0.06,0.0,,,False,True,True,False,False,False,False,False,False,False,9388780,reid,,,,2020-06-11,DEMANTOID,False,8653,raw+reid,False,
S2A_MSIL1C_20200614T031551_N0209_R118_T48NVH_20200614T065328;104.6920640;2.00073100,2020-06-14 03:37:35.219000+00:00,2.000731,104.692064,assigned,IMO-9388780,0.6694666620569052,0.980576,11,no_ais_ping,,,220.0,2.63,0.0,,,False,True,True,False,False,False,False,False,False,False,9388780,reid,,,,2020-06-14,DEMANTOID,False,8653,raw+reid,False,
S2B_MSIL1C_20200616T030549_N0209_R075_T48NVH_20200616T074146;104.6893660;1.99973500,2020-06-16 03:27:36.271000+00:00,1.999735,104.689366,assigned,IMO-9388780,0.7017101730239226,0.98324,11,no_ais_ping,,,230.9,0.13,0.0,,,False,True,True,False,False,False,False,False,False,False,9388780,reid,,,,2020-06-16,DEMANTOID,False,8653,raw+reid,False,
S2B_MSIL1C_20200619T031539_N0209_R118_T48NVH_20200619T065253;104.6919740;1.99901200,2020-06-19 03:37:31.562000+00:00,1.999012,104.691974,assigned,IMO-9388780,0.7025290900225407,0.98324,11,no_ais_ping,,,233.1,1.55,0.0,,,False,True,True,False,False,False,False,False,False,False,9388780,reid,,,,2020-06-19,DEMANTOID,False,8654,raw+reid,False,
S2B_MSIL1C_20200626T030549_N0209_R075_T48NVH_20200626T064224;104.6904450;2.00036900,2020-06-26 03:27:36.295000+00:00,2.000369,104.690445,assigned,IMO-9388780,0.7232469310371954,0.987741,11,plausible,,4.277517639916482,226.70000000000002,0.28,8.026157698433666e-06,,5.628970094048406e-05,False,True,True,False,False,False,False,False,False,False,9388780,reid,,,,2020-06-26,DEMANTOID,False,8653,raw+reid,False,
S2B_MSIL1C_20200706T030549_N0209_R075_T48NVH_20200706T064159;104.6779530;1.96381600,2020-07-06 03:27:35.887000+00:00,1.963816,104.677953,assigned,IMO-9388780,0.591925260941899,0.963072,11,plausible,0.07037411857077391,,178.29999999999998,3.41,0.0001302839629150546,,0.0007604183698178128,False,False,False,False,False,False,False,False,False,False,9388780,reid,,,,2020-07-06,DEMANTOID,False,8655,raw+reid,False,
S2B_MSIL1C_20200716T030549_N0209_R075_T48NVH_20200716T064110;104.6661850;1.91007400,2020-07-16 03:27:35.040000+00:00,1.910074,104.666185,assigned,IMO-9388780,0.6794881112686326,0.980576,10,plausible,,26.15391321443995,222.0,0.03,0.0,,,False,True,True,False,False,False,False,False,False,False,9388780,reid,,,,2020-07-16,DEMANTOID,False,8658,raw+reid,False,
S2A_MSIL1C_20200724T031551_N0209_R118_T48NVG_20200724T062108;104.5573530;1.67926200,2020-07-24 03:37:49.243000+00:00,1.679262,104.557353,assigned,IMO-9388780,0.7267158143982897,0.988173,12,plausible,2.3470916136029527,81.01518070887671,271.4,1.0,0.0,,,False,True,True,False,False,False,False,False,False,False,9388780,reid,,,,2020-07-24,DEMANTOID,False,8666,raw+reid,False,
S2A_MSIL1C_20200803T031551_N0209_R118_T48NVG_20200803T061709;104.4579120;1.71271000,2020-08-03 03:37:49.712000+00:00,1.71271,104.457912,assigned,IMO-9388780,0.6619742689147579,0.978634,11,plausible,73.57434793314324,,255.9,0.16,0.0,,,False,True,True,False,False,False,False,False,False,False,9388780,reid,,,,2020-08-03,DEMANTOID,False,8656,raw+reid,False,
S2B_MSIL1C_20200818T031549_N0209_R118_T48NVG_20200818T060406;104.4596200;1.71180600,2020-08-18 03:37:47.356000+00:00,1.711806,104.45962,assigned,IMO-9388780,0.562636298393258,0.946632,10,plausible,0.3378469252098941,0.40400991478124887,255.9,0.2,0.0003294622061876131,,0.003159380581495316,False,False,False,False,False,False,False,False,False,False,9388780,reid,,,,2020-08-18,DEMANTOID,False,8656,raw+reid,False,
S2B_MSIL1C_20200825T030549_N0209_R075_T48NVG_20200825T055605;104.8781270;1.76733800,2020-08-25 03:27:52.130000+00:00,1.767338,104.878127,assigned,IMO-9388780,0.6113470725029657,0.967901,9,plausible,47.10226807491357,,228.0,0.12,2.422512813636975e-06,,0.00010005536303691556,False,False,False,False,False,False,False,False,False,False,9388780,reid,,,,2020-08-25,DEMANTOID,False,8686,raw+reid,False,
S2A_MSIL1C_20200830T030551_N0209_R075_T48NVH_20200830T055735;104.8784870;1.76788100,2020-08-30 03:27:38.836000+00:00,1.767881,104.878487,assigned,IMO-9388780,0.5861926196701148,0.948882,9,no_ais_ping,,,234.8,0.03,1.642828853092881e-05,,0.0015242666160440908,False,False,False,False,False,False,False,False,False,False,9388780,reid,,,,2020-08-30,DEMANTOID,False,8686,raw+reid,False,
S2B_MSIL1C_20200904T030549_N0209_R075_T48NVG_20200904T055047;104.8786670;1.76797100,2020-09-04 03:27:51.668000+00:00,1.767971,104.878667,assigned,IMO-9388780,0.5993497874071991,0.96355,13,no_ais_ping,,,224.7,4.33,0.0001316662571802157,,0.0012552979352357767,False,False,False,False,False,False,False,False,False,False,9388780,reid,,,,2020-09-04,DEMANTOID,False,8686,raw+reid,False,
S2B_MSIL1C_20201014T030709_N0209_R075_T48NVH_20201014T060704;104.8737210;1.77086600,2020-10-14 03:27:37.549000+00:00,1.770866,104.873721,assigned,IMO-9388780,0.6100918764523655,0.967901,13,plausible,0.4191183848811521,0.12966733111686962,200.0,0.08,0.0001684523627177985,,0.003323680148793329,False,False,False,False,False,False,False,False,False,False,9388780,reid,,,,2020-10-14,DEMANTOID,False,8686,raw+reid,False,
S2A_MSIL1C_20201111T031951_N0209_R118_T48NVH_20201111T060648;104.6965020;1.81734700,2020-11-11 03:37:33.057000+00:00,1.817347,104.696502,assigned,IMO-9388780,0.42726262093786005,0.896368,11,plausible,,91.095031416849,222.5,0.11,2.4780216113963344e-05,,0.00017379062394547453,False,False,False,False,False,False,False,False,False,False,9388780,reid,,,,2020-11-11,DEMANTOID,False,8667,raw+reid,False,
S2A_MSIL1C_20201118T031021_N0209_R075_T48NVH_20201118T055645;104.6612570;1.81878900,2020-11-18 03:27:36.709000+00:00,1.818789,104.661257,assigned,IMO-9388780,0.5640013879106469,0.946632,11,plausible,97.38996538204351,,278.4,0.08,0.0,,,False,True,True,False,False,False,False,False,False,False,9388780,reid,,,,2020-11-18,DEMANTOID,False,8664,raw+reid,False,
S2A_MSIL1C_20201201T032111_N0209_R118_T48NVH_20201204T141421;104.6467750;1.85235000,2020-12-01 03:37:28.749000+00:00,1.85235,104.646775,assigned,IMO-9388780,0.3864365280126023,0.860624,12,no_ais_ping,,,248.79999999999998,0.15,0.0,,,False,True,True,False,False,False,False,False,False,False,9388780,reid,,,,2020-12-01,DEMANTOID,False,8661,raw+reid,False,
S2B_MSIL1C_20201203T031109_N0209_R075_T48NVH_20201203T054349;104.6176420;1.85686800,2020-12-03 03:27:32.821000+00:00,1.856868,104.617642,assigned,IMO-9388780,0.3977627489895319,0.864067,11,no_ais_ping,,,250.79999999999998,0.27,5.678946567221217e-06,,3.982804922812006e-05,False,True,True,False,False,False,False,False,False,False,9388780,reid,,,,2020-12-03,DEMANTOID,False,8658,raw+reid,False,
S2B_MSIL1C_20201206T032119_N0209_R118_T48NVH_20201206T060133;104.6174620;1.85668700,2020-12-06 03:37:27.447000+00:00,1.856687,104.617462,assigned,IMO-9388780,0.612859521654407,0.967901,9,no_ais_ping,,,235.79999999999998,9.12,0.00042279882731755995,,0.00405443289038569,False,False,False,False,False,False,False,False,False,False,9388780,reid,,,,2020-12-06,DEMANTOID,False,8658,raw+reid,False,
S2B_MSIL1C_20210105T032129_N0209_R118_T48NVH_20210105T061129;104.7166080;2.02715300,2021-01-05 03:37:27.891000+00:00,2.027153,104.716608,assigned,IMO-9388780,0.6169771993916839,0.967901,12,plausible,0.473628131833026,42.19776732653552,243.9,0.53,6.075910736618347e-06,,3.546280013381441e-05,False,True,True,False,False,False,False,False,False,False,9388780,reid,,,,2021-01-05,DEMANTOID,False,8653,raw+reid,False,
S2B_MSIL1C_20210112T031109_N0209_R075_T48NVG_20210112T060010;104.7440130;1.52992700,2021-01-12 03:27:48.190000+00:00,1.529927,104.744013,assigned,IMO-9388780,0.7213324876200318,0.987741,8,plausible,14.018782659717305,88.82864342323317,240.9,0.3,9.493418206415505e-05,,0.0005917721445074282,False,False,False,False,False,False,False,False,False,False,9388780,reid,,,,2021-01-12,DEMANTOID,False,8693,raw+reid,False,
S2A_MSIL1C_20210117T031051_N0209_R075_T48NVG_20210117T055836;104.6843790;1.72868400,2021-01-17 03:27:49.532000+00:00,1.728684,104.684379,assigned,IMO-9388780,0.6857200158168908,0.980576,12,plausible,,92.64512416583973,256.2,0.09,9.03254259544575e-07,,2.0072316878768336e-05,False,True,True,False,False,False,False,False,False,False,9388780,reid,,,,2021-01-17,DEMANTOID,False,8673,raw+reid,False,
S2A_MSIL1C_20211213T031131_N0301_R075_T49QDU_20211213T050231;110.2723920;16.7194830,2021-12-13 03:23:19.746000+00:00,16.719483,110.272392,assigned,IMO-9388780,0.769080114571139,0.991075,5,plausible,56.052231625951215,76.06818582766363,178.9,7.83,8.063651568982456e-07,,1.59101351944299e-05,False,True,True,False,False,False,False,False,False,False,9388780,reid,,,,2021-12-13,DEMANTOID,False,8051,raw+reid,False,
S2B_MSIL1C_20211215T030119_N0301_R032_T49QEV_20211217T140744;111.8212030;17.4660900,2021-12-15 03:13:01.275000+00:00,17.46609,111.821203,assigned,IMO-9388780,0.7607541510927263,0.991075,8,plausible,109.30051090648699,532.4590220028294,173.29999999999998,10.0,4.099407506834419e-06,,2.5553653265689465e-05,False,True,True,False,False,False,False,False,False,False,9388780,reid,,,,2021-12-15,DEMANTOID,False,8126,raw+reid,False,
S2A_MSIL1C_20220731T113331_N0400_R080_T29UQR_20220731T150927;-5.71794500;50.0691970,2022-07-31 11:37:34.932000+00:00,50.069197,-5.717945,assigned,IMO-9388780,0.030142535701898066,0.428872,32,plausible,246.65496762263004,329.52827327321313,122.2,10.47,1.4291212213742443e-05,,0.0002819753761280416,False,False,False,True,False,False,False,False,False,False,9388780,reid,,,,2022-07-31,DEMANTOID,False,2841,raw+reid,True,vessel_filter
S2A_MSIL1C_20240131T084201_N0510_R064_T35SPS_20240131T092838;28.86242400;33.1207340,2024-01-31 08:51:09.162000+00:00,33.120734,28.862424,assigned,IMO-9388780,0.7668528634600023,0.991075,3,plausible,248.33519414104632,557.2027044059462,241.4,12.55,0.0003091153164483895,,0.0021679126392443815,False,False,False,False,False,False,False,False,False,False,9388780,reid,,,,2024-01-31,DEMANTOID,False,934,raw+reid,False,
S2A_MSIL1C_20240707T094041_N0510_R036_T35VNG_20240707T103453;28.40327500;59.7849440,2024-07-07 09:43:48.860000+00:00,59.784944,28.403275,assigned,IMO-9388780,0.7726851265199137,0.991639,8,plausible,35.760753538693336,0.1683406871533396,255.9,0.14,0.0,,,False,True,True,False,False,False,False,False,False,False,9388780,reid,,,,2024-07-07,DEMANTOID,False,2033,raw+reid,False,
S2A_MSIL1C_20241006T072801_N0511_R049_T38PKV_20241006T092318;43.01651200;13.1223840,2024-10-06 07:46:16.260000+00:00,13.122384,43.016512,assigned,IMO-9388780,0.8317669407099402,0.996629,1,plausible,484.5345578386778,401.04346932669176,207.7,15.47,0.0,,,False,True,True,False,False,False,False,False,False,False,9388780,reid,,,,2024-10-06,DEMANTOID,False,3428,raw+reid,False,
S2B_MSIL1C_20250115T024949_N0511_R132_T49MBQ_20250115T061257;108.9371630;-4.5741010,2025-01-15 03:09:23.709000+00:00,-4.574101,108.937163,assigned,IMO-9388780,0.021430745134527918,0.383846,26,impossible_speed,8954.661706767716,8985.507850938639,69.3,0.19,1.389865565401091e-08,,2.742299671363965e-07,False,True,True,False,False,False,False,False,False,False,9388780,reid,,,,2025-01-15,DEMANTOID,False,9494,raw+reid,False,
S2A_MSIL1C_20251013T191831_N0511_R056_T10TDS_20251013T210134;-124.085300;46.2650100,2025-10-13 19:21:55.925000+00:00,46.26501,-124.0853,assigned,IMO-9388780,0.1505780886877126,0.649194,15,impossible_speed,7740.4386128368105,7963.968694802104,172.2,13.23,0.0,,,False,True,False,True,False,False,False,False,False,False,9388780,reid,,,,2025-10-13,DEMANTOID,False,9903,raw+reid,True,vessel_filter
S2C_MSIL1C_20251128T083321_N0511_R021_T36RVU_20251128T102940;32.59024300;29.7600250,2025-11-28 08:41:57.862000+00:00,29.760025,32.590243,assigned,IMO-9388780,0.7972700729621671,0.99648,1,plausible,3.4693427238682264,118.05898332366586,229.20000000000002,1.57,0.0009003446559979831,4.069501164590678e-05,24.13236547842554,False,False,False,False,False,False,False,False,False,False,9388780,reid,,,,2025-11-28,DEMANTOID,False,1341,raw+reid,False,
S2C_MSIL1C_20251204T103421_N0511_R108_T31SDB_20251204T123035;2.525893000;37.1793610,2025-12-04 10:40:49.754000+00:00,37.179361,2.525893,assigned,IMO-9388780,0.7682775544381002,0.991075,2,plausible,66.31454032760526,551.1690740730684,256.6,12.49,0.0003375719089603619,1.5258037769153692e-05,22.62025055630334,False,False,False,False,False,False,False,False,False,False,9388780,reid,,,,2025-12-04,DEMANTOID,False,2336,raw+reid,False,
S2B_MSIL1C_20251205T105329_N0511_R051_T30SVF_20251205T112313;-3.05453500;36.3229890,2025-12-05 11:01:06.153000+00:00,36.322989,-3.054535,assigned,IMO-9388780,0.7468328919744138,0.991075,3,plausible,45.23145713668545,459.55941232776894,214.7,12.63,0.0007968075039930939,6.956135131909078e-05,9.744734606733669,False,False,False,False,False,False,False,False,False,False,9388780,reid,,,,2025-12-05,DEMANTOID,False,2834,raw+reid,False,
S2A_MSIL1C_20251205T110451_N0511_R094_T30SVF_20251205T133254;-3.09475000;36.3192680,2025-12-05 11:11:20.848000+00:00,36.319268,-3.09475,assigned,IMO-9388780,0.7418721069819476,0.989556,3,plausible,41.60493680547805,455.9531529699304,176.1,12.27,0.0006983219636474844,0.0005683323551292405,1.362094988083172,False,False,False,False,False,False,False,False,False,False,9388780,reid,,,,2025-12-05,DEMANTOID,False,2838,raw+reid,False,
S2B_MSIL1C_20251207T113359_N0511_R080_T29TLE_20251207T120215;-10.7288030;40.4018500,2025-12-07 11:40:15.624000+00:00,40.40185,-10.728803,assigned,IMO-9388780,0.7918541685612901,0.99648,1,plausible,52.05105983710436,629.970351446921,238.9,10.34,3.722607692396995e-05,2.533837653512114e-05,1.4782047735995636,False,False,False,False,False,False,False,False,False,False,9388780,reid,,,,2025-12-07,DEMANTOID,False,3327,raw+reid,False,
S2B_MSIL1C_20260115T070139_N0511_R063_T39PUQ_20260115T103412;49.39051600;13.2134000,2026-01-15 07:16:03.028000+00:00,13.2134,49.390516,assigned,IMO-9388780,0.8195465444408825,0.996629,2,plausible,48.46591164007091,596.4983470465356,226.70000000000002,11.2,0.0006435716013452813,0.0002165617053089773,2.995650708081311,False,False,False,False,False,False,False,False,False,False,9388780,reid,,,,2026-01-15,DEMANTOID,False,3703,raw+reid,False,
S2C_MSIL1C_20260122T060141_N0511_R091_T42QVK_20260122T074922;68.69893300;22.1896090,2026-01-22 06:13:01.718000+00:00,22.189609,68.698933,assigned,IMO-9388780,0.786630743074884,0.99648,2,plausible,42.38427545450558,106.0343617972127,267.7,0.17,0.00021703685957546556,9.430474937016945e-06,4.814352032863036,False,False,False,False,False,False,False,False,False,False,9388780,reid,,,,2026-01-22,DEMANTOID,False,4251,raw+reid,False,
S2C_MSIL1C_20260207T094151_N0512_R036_T33SXV_20260207T114101;16.89140800;35.8617380,2026-02-07 09:50:46.387000+00:00,35.861738,16.891408,assigned,IMO-9388780,0.9092212319374084,,3,,,,220.6,13.72,0.007674898344794114,0.0003469005735102035,26.572307329889828,True,False,,,,,,,,,9388780,raw,IMO-9388780,0.9092212319374084,,2026-02-07,DEMANTOID,False,1240,raw,False,
S2B_MSIL1C_20260216T110029_N0512_R094_T30UYA_20260216T132351;0.191508000;50.3593340,2026-02-16 11:07:10.280000+00:00,50.359334,0.191508,assigned,IMO-9388780,0.8952852487564087,,1,,,,191.1,16.17,0.0025608931700456545,0.0012130660250941575,2.293123699142187,True,False,,,,,,,,,9388780,raw,IMO-9388780,0.8952852487564087,,2026-02-16,DEMANTOID,False,2431,raw,False,
S2A_MSIL1C_20260216T110621_N0512_R094_T31UCR_20260216T143815;0.194335000;50.3596650,2026-02-16 11:07:38.379000+00:00,50.359665,0.194335,assigned,IMO-9388780,0.8119066263213348,0.99648,2,plausible,32.63670795294876,498.1275176283014,202.3,12.95,0.0006812966938670601,0.0005544762655678019,1.3288867605808417,False,False,False,False,False,False,False,False,False,False,9388780,reid,,,,2026-02-16,DEMANTOID,False,2431,raw+reid,False,
S2C_MSIL1C_20260219T102051_N0512_R065_T33UWB_20260219T123647;15.71545400;55.6398130,2026-02-19 10:25:20.209000+00:00,55.639813,15.715454,assigned,IMO-9388780,0.7985374483454599,0.99648,2,plausible,23.983922227520583,595.3920629035151,225.9,12.65,0.0003315716281578278,0.00021992131834136522,1.5433757185593575,False,False,False,False,False,False,False,False,False,False,9388780,reid,,,,2026-02-19,DEMANTOID,False,1852,raw+reid,False,
S2C_MSIL1C_20260305T100031_N0512_R122_T34VDK_20260305T133945;20.03256000;57.7037050,2026-03-05 10:04:30.001000+00:00,57.703705,20.03256,assigned,IMO-9388780,0.6730054612182919,0.980576,5,plausible,9.932089129399714,528.0589714512288,230.0,10.3,4.229510256118743e-05,0.00019710730921202092,0.19687219521642083,False,False,False,False,False,False,False,False,False,False,9388780,reid,,,,2026-03-05,DEMANTOID,False,1914,raw+reid,False,
S2B_MSIL1C_20260306T102019_N0512_R065_T33UVB_20260306T153400;13.51194500;54.9577680,2026-03-06 10:25:21.618000+00:00,54.957768,13.511945,assigned,IMO-9388780,0.683663982690156,0.980576,2,plausible,32.65088429859741,272.32478606007896,247.5,7.21,3.876253204435761e-05,8.530946462981343e-05,0.4740550077205954,False,False,False,False,False,False,False,False,False,False,9388780,reid,,,,2026-03-06,DEMANTOID,False,1886,raw+reid,False,
S2C_MSIL1C_20260312T113321_N0512_R080_T29TLF_20260312T150804;-10.7068980;41.3950180,2026-03-12 11:40:06.126000+00:00,41.395018,-10.706898,assigned,IMO-9388780,0.8999459743499756,,2,,,,214.4,11.35,0.008998381883473653,0.0004067211962694176,22.366729878281824,True,False,,,,,,,,,9388780,raw,IMO-9388780,0.8999459743499756,,2026-03-12,DEMANTOID,False,3298,raw,False,
S2A_MSIL1C_20260318T093151_N0512_R136_T34SBE_20260318T132141;18.30704800;35.3004110,2026-03-18 09:41:06.071000+00:00,35.300411,18.307048,assigned,IMO-9388780,0.9149835705757141,,7,,,,200.79999999999998,11.14,0.0010124396061889315,0.0005304021078299291,1.9747895456757942,True,False,,,,,,,,,9388780,raw,IMO-9388780,0.9149835705757141,,2026-03-18,DEMANTOID,False,1174,raw,False,
S2B_MSIL1C_20260325T072609_N0512_R049_T37PHR_20260325T093715;42.15229700;14.3526160,2026-03-25 07:46:00.989000+00:00,14.352616,42.152297,assigned,IMO-9388780,0.8950255513191223,,2,,,,210.79999999999998,9.86,0.0012122799372306626,0.00040705766217201633,3.0132904164355767,True,False,,,,,,,,,9388780,raw,IMO-9388780,0.8950255513191223,,2026-03-25,DEMANTOID,False,3267,raw,False,
S2C_MSIL1C_20260407T032531_N0512_R018_T47NQC_20260407T065921;101.4505050;2.54965800,2026-04-07 03:47:34.769000+00:00,2.549658,101.450505,assigned,IMO-9388780,0.9196078777313232,,3,,,,245.9,7.38,0.002833190290251867,0.0001280584175057602,24.365565277542885,True,False,,,,,,,,,9388780,raw,IMO-9388780,0.9196078777313232,,2026-04-07,DEMANTOID,False,8346,raw,False,
S2A_MSIL1C_20260429T082751_N0512_R021_T36RVT_20260429T121052;32.58068500;29.7702840,2026-04-29 08:42:18.790000+00:00,29.770284,32.580685,assigned,IMO-9388780,0.7678681867066217,0.991075,4,plausible,0.24032818778412754,0.23774530821073533,237.5,0.1,0.0002776517532977676,2.399772390627803e-05,1.7932606814994896,False,False,False,False,False,False,False,False,False,False,9388780,reid,,,,2026-04-29,DEMANTOID,False,1340,raw+reid,False,
S2C_MSIL1C_20260525T093031_N0512_R136_T35VMG_20260525T112932;26.72469500;59.9802620,2026-05-25 09:33:49.798000+00:00,59.980262,26.724695,assigned,IMO-9388780,0.9071290493011475,,6,,,,257.3,6.79,0.08464645018760363,0.05889123850852094,1.8810322263911916,True,False,,,,,,,,,9388780,raw,IMO-9388780,0.9071290493011475,,2026-05-25,DEMANTOID,False,2061,raw,False,
S2B_MSIL1C_20260827T081559_N0512_R121_T37TBF_20260827T115436;36.41226900;41.3624510,2026-08-27 08:28:44.509000+00:00,41.362451,36.412269,novel,,0.2781241536140442,,32,,,,121.19999999999999,0.06,0.0,,,False,True,,,,,,,,,9388780,raw,IMO-9388780,0.2781241536140442,,2026-08-27,DEMANTOID,False,599,raw,False,
S2A_MSIL1C_20260827T083531_N0512_R021_T36TYM_20260827T134910;36.16612400;41.8074500,2026-08-27 08:38:45.180000+00:00,41.80745,36.166124,assigned,IMO-9388780,0.7247193237856493,0.987741,2,plausible,576.3735230548051,577.2846798375226,241.20000000000002,6.48,2.2172863563860432e-08,,4.3831118933483264e-07,False,True,True,False,False,False,False,False,False,False,9388780,reid,,,,2026-08-27,DEMANTOID,False,577,hunt+raw+reid,False,
S2B_MSIL1C_20260830T082559_N0512_R021_T37TCK_20260830T120454;37.73794900;44.5963390,2026-08-30 08:37:40.386000+00:00,44.596339,37.737949,assigned,IMO-9388780,0.750039315195643,0.991075,3,plausible,771.3706851711964,771.3706851711959,211.4,0.37,0.0003949860878359163,,0.008777468618575918,False,False,False,False,False,False,False,False,False,False,9388780,reid,,,,2026-08-30,DEMANTOID,True,771,hunt+raw+reid,False,
S2C_MSIL1C_20260901T081601_N0512_R121_T37TCK_20260901T115927;37.73085600;44.5864480,2026-09-01 08:27:43.759000+00:00,44.586448,37.730856,assigned,IMO-9388780,0.04200632579272945,0.438667,4,plausible,770.4185304096757,770.4185304096759,225.2,0.45,0.00025730682671917647,,,False,False,False,False,False,False,False,False,False,False,9388780,reid,,,,2026-09-01,DEMANTOID,True,770,hunt+raw+reid,False,
S2B_MSIL1C_20260903T080559_N0512_R078_T37TFG_20260903T114440;41.09468000;41.5325380,2026-09-03 08:05:59+00:00,41.532538,41.09468,assigned,IMO-9388780,0.7543142185197738,0.991075,2,impossible_speed,987.2726484902212,,256.2,9.77,1.1379227782621709e-06,,,False,True,True,False,False,False,False,False,False,False,9388780,reid,,,,2026-09-03,DEMANTOID,True,987,hunt+raw+reid,False,
S2B_MSIL1C_20260903T080559_N0512_R078_T37TFF_20260903T114440;41.09466800;41.5321780,2026-09-03 08:05:59+00:00,41.532178,41.094668,assigned,IMO-9388780,0.21034266562751114,0.738916,2,impossible_speed,987.2743155063245,,225.3,2.92,,,,False,True,False,False,False,False,False,False,False,True,9388780,reid,,,,2026-09-03,DEMANTOID,True,987,raw+reid,True,not_in_pipe
S2C_MSIL1C_20260904T082601_N0512_R021_T36TXM_20260904T121021;35.26083100;42.1690950,2026-09-04 08:26:01+00:00,42.169095,35.260831,assigned,IMO-9388780,0.5062179512548575,0.936031,4,plausible,505.08441365776395,,246.4,9.95,0.0,,,False,True,True,False,False,False,False,False,False,False,9388780,reid,,,,2026-09-04,DEMANTOID,True,505,hunt+raw+reid,False,
S2A_MSIL1C_20260905T085721_N0512_R007_T35TPF_20260905T124027;29.26260500;41.3533650,2026-09-05 09:09:10.268000+00:00,41.353365,29.262605,assigned,IMO-9388780,0.7522121819718564,0.991075,3,plausible,17.971522822502475,,238.9,3.93,0.0,,,False,True,True,False,False,False,False,False,False,False,9388780,reid,,,,2026-09-05,DEMANTOID,True,18,raw+reid,False,
S2B_MSIL1C_20260908T085549_N0512_R007_T35TME_20260908T123452;26.94930400;40.5104420,2026-09-08 08:55:49+00:00,40.510442,26.949304,assigned,IMO-9388780,0.8829082250595093,,5,,,,241.6,2.11,0.07055914956231832,0.06351277392724075,,True,False,,,,,,,,,9388780,raw,IMO-9388780,0.8829082250595093,,2026-09-08,DEMANTOID,False,221,raw,False,
S2A_MSIL1C_20170322T045651_N0204_R119_T44NKN_20170322T051021;78.69625800;6.42858100,2017-03-22 05:10:21.200000+00:00,6.428581,78.696258,assigned,IMO-9250543,0.7045169574277637,0.98324,6,plausible,170.6688629442418,567.888668430862,271.6,8.41,3.1282965911798804e-05,,0.001292058598640516,False,False,False,False,False,False,False,False,False,False,9250543,reid,,,,2017-03-22,INVICTA,False,6242,raw+reid,False,
S2A_MSIL1C_20170909T024541_N0205_R132_T49PGP_20170909T025550;113.2289270;12.2544780,2017-09-09 02:55:50.570000+00:00,12.254478,113.228927,assigned,IMO-9250543,0.7025794273873025,0.98324,8,plausible,1465.991515140372,1502.7273378885002,206.70000000000002,13.1,2.4845497047135206e-06,,2.3825610171388892e-05,False,True,True,False,False,False,False,False,False,False,9250543,reid,,,,2017-09-09,INVICTA,False,8631,raw+reid,False,
S2B_MSIL1C_20171107T022859_N0206_R046_T50QQF_20171107T065055;119.3229760;18.6836380,2017-11-07 02:42:03.560000+00:00,18.683638,119.322976,assigned,IMO-9250543,0.7605327412515592,0.991075,7,plausible,184.6152930278392,2352.316875588564,199.5,12.12,1.1370312344780521e-06,,1.0840385315922497e-05,False,True,True,False,False,False,False,False,False,False,9250543,reid,,,,2017-11-07,INVICTA,False,8674,raw+reid,False,
S2B_MSIL1C_20180224T025709_N0206_R032_T49PDK_20180224T081910;110.2557190;8.83855500,2018-02-24 03:13:41.200000+00:00,8.838555,110.255719,assigned,IMO-9250543,0.6720342544430054,0.980576,6,plausible,139.09276576157683,785.0711016883542,159.60000000000002,12.33,0.00047871109026205525,,0.02335514263969859,False,False,False,False,False,False,False,False,False,False,9250543,reid,,,,2018-02-24,INVICTA,False,8629,raw+reid,False,
S2A_MSIL1C_20180321T025541_N0206_R032_T49PDK_20180321T055104;110.3929860;9.03018700,2018-03-21 03:01:31.410000+00:00,9.030187,110.392986,assigned,IMO-9250543,0.6564644363094665,0.978634,5,plausible,1467.1230193119538,1118.8625985220626,240.9,11.5,0.0,,,False,True,True,False,False,False,False,False,False,False,9250543,reid,,,,2018-03-21,INVICTA,False,8626,raw+reid,False,
S2A_MSIL1C_20180413T062631_N0206_R077_T41QLD_20180413T083119;61.45006300;21.3629130,2018-04-13 06:42:00.270000+00:00,21.362913,61.450063,assigned,IMO-9250543,0.7315165149702807,0.988173,8,plausible,135.98629805945907,625.6261079954321,113.80000000000001,11.31,0.00022337563059994219,0.0028861933557188303,0.07810296506656966,False,False,False,False,False,False,False,False,False,False,9250543,reid,,,,2018-04-13,INVICTA,False,3757,raw+reid,False,
S2A_MSIL1C_20180519T050701_N0206_R019_T43PEK_20180519T075610;75.81347300;8.27901300,2018-05-19 05:16:14.660000+00:00,8.279013,75.813473,assigned,IMO-9250543,0.7097832193680631,0.98324,6,plausible,154.08744682945505,732.7830422604782,247.3,11.65,6.910410179391296e-09,,1.535646706531399e-07,False,True,True,False,False,False,False,False,False,False,9250543,reid,,,,2018-05-19,INVICTA,False,5874,raw+reid,False,
S2A_MSIL1C_20180527T024551_N0206_R132_T49PFM_20180527T073422;112.0477450;10.7393530,2018-05-27 02:57:23.760000+00:00,10.739353,112.047745,assigned,IMO-9250543,0.7631465560227113,0.991075,4,plausible,69.44112883673776,747.36481583911,257.8,11.77,0.0001273557307633759,,0.0007433273827967975,False,False,False,False,False,False,False,False,False,False,9250543,reid,,,,2018-05-27,INVICTA,False,8642,raw+reid,False,
S2B_MSIL1C_20180529T023549_N0206_R089_T50QPG_20180529T061152;118.3300740;19.7796500,2018-05-29 02:46:42.070000+00:00,19.77965,118.330074,assigned,IMO-9250543,0.7234326053204114,0.987741,6,plausible,469.11078738079954,383.00579125097437,212.0,2.14,0.00027021424615461526,,0.002576205874865173,False,False,False,False,False,False,False,False,False,False,9250543,reid,,,,2018-05-29,INVICTA,False,8516,raw+reid,False,
S2A_MSIL1C_20180603T023651_N0206_R089_T50QLD_20180603T060822;115.6322450;16.6003750,2018-06-03 02:51:17.330000+00:00,16.600375,115.632245,assigned,IMO-9250543,0.7677554515155407,0.991075,4,plausible,837.5106118910171,590.6218996989347,190.3,10.05,5.371935985437886e-06,,3.135396493485309e-05,False,True,True,False,False,False,False,False,False,False,9250543,reid,,,,2018-06-03,INVICTA,False,8521,raw+reid,False,
S2B_MSIL1C_20180801T021649_N0206_R003_T52SBF_20180801T040718;125.7720650;36.4162830,2018-08-01 02:23:46.350000+00:00,36.416283,125.772065,assigned,IMO-9250543,0.7570689387705443,0.991075,5,plausible,92.36632491494261,711.4976020411247,222.7,9.89,0.0002723136660377798,0.044570162731740144,0.006051414800839552,False,False,False,False,False,False,False,False,False,False,9250543,reid,,,,2018-08-01,INVICTA,False,7927,raw+reid,False,
S2B_MSIL1C_20180807T023549_N0206_R089_T50QND_20180807T061705;117.2271640;16.7257020,2018-08-07 02:50:39.190000+00:00,16.725702,117.227164,assigned,IMO-9250543,0.7290854654359507,0.988173,7,plausible,507.4829493529712,1143.341117662316,184.8,11.76,1.5499758300986249e-06,,1.0870416358534399e-05,False,True,True,False,False,False,False,False,False,False,9250543,reid,,,,2018-08-07,INVICTA,False,8643,raw+reid,False,
S2A_MSIL1C_20180811T030541_N0206_R075_T48NZM_20180811T064840;107.9688210;6.12792300,2018-08-11 03:21:13.260000+00:00,6.127923,107.968821,assigned,IMO-9250543,0.7113011810228613,0.983666,5,plausible,407.50992332911073,613.6843068591214,161.1,11.4,4.231015762481456e-09,,5.412740046819393e-07,False,True,True,False,False,False,False,False,False,False,9250543,reid,,,,2018-08-11,INVICTA,False,8634,raw+reid,False,
S2A_MSIL1C_20180903T063621_N0206_R120_T40REN_20180903T084849;57.28903700;25.1759780,2018-09-03 06:43:32.790000+00:00,25.175978,57.289037,assigned,IMO-9250543,0.7650553770351749,0.991075,5,plausible,87.10251575002454,644.7403030000715,236.9,12.86,1.5994789508276098e-07,,9.335555575165065e-07,False,True,True,False,False,False,False,False,False,False,9250543,reid,,,,2018-09-03,INVICTA,False,3157,raw+reid,False,
S2A_MSIL1C_20190309T030541_N0207_R075_T48NVG_20190309T074232;104.5206930;1.59213100,2019-03-09 03:27:43+00:00,1.592131,104.520693,assigned,IMO-9250543,0.7634423179304122,0.991075,5,plausible,75.6447730141189,0.10966647426115073,204.7,0.46,0.0004077583333810862,,0.00285972385597293,False,False,False,False,False,False,False,False,False,False,9250543,reid,,,,2019-03-09,INVICTA,False,8682,raw+reid,False,
S2A_MSIL1C_20190426T022551_N0207_R046_T51QUD_20190426T041555;121.7327070;21.6083760,2019-04-26 02:41:51+00:00,21.608376,121.732707,assigned,IMO-9250543,0.6485310942968212,0.976052,9,plausible,33.72982890136566,2460.184483124227,195.79999999999998,19.89,0.00039295359169950914,,0.003746395187862879,False,False,False,False,False,False,False,False,False,False,9250543,reid,,,,2019-04-26,INVICTA,False,8659,raw+reid,False,
S2A_MSIL1C_20190801T021611_N0208_R003_T51RXK_20190801T040549;124.4594760;26.4456610,2019-08-01 02:30:20.064000+00:00,26.445661,124.459476,assigned,IMO-9250543,0.760130235546228,0.991075,6,plausible,387.5935901167916,255.60540401869454,206.4,12.68,6.869268047964751e-05,,0.0006549117580967391,False,False,False,False,False,False,False,False,False,False,9250543,reid,,,,2019-08-01,INVICTA,False,8527,raw+reid,False,
S2B_MSIL1C_20200421T074609_N0209_R135_T37QDF_20200421T100823;38.99265000;22.6740230,2020-04-21 08:03:36.554000+00:00,22.674023,38.99265,assigned,IMO-9250543,0.6296502437156306,0.969116,32,plausible,135.6199613444207,151.66996847808863,82.8,0.13,9.802142682552101e-08,1.697392932167984e-05,8.77722114715651e-05,False,True,False,True,False,False,False,False,False,False,9250543,reid,,,,2020-04-21,INVICTA,False,2268,raw+reid,True,vessel_filter
S2A_MSIL1C_20210424T025541_N0300_R032_T49PCK_20210424T054735;109.5700140;8.29184100,2021-04-24 03:15:35.345000+00:00,8.291841,109.570014,assigned,IMO-9250543,0.850933037568268,0.996629,2,plausible,471.3703044085073,132.56050342004252,206.70000000000002,14.6,0.0,,,False,True,True,False,False,False,False,False,False,False,9250543,reid,,,,2021-04-24,INVICTA,False,8611,raw+reid,False,
S2B_MSIL1C_20210426T024539_N0300_R132_T49QGU_20210426T045812;113.3508720;16.8321450,2021-04-26 03:03:15.083000+00:00,16.832145,113.350872,assigned,IMO-9250543,0.8108970287054582,0.99648,2,plausible,901.8110779238999,638.5341591018233,248.29999999999998,12.27,0.0,,,False,True,True,False,False,False,False,False,False,False,9250543,reid,,,,2021-04-26,INVICTA,False,8317,raw+reid,False,
S2A_MSIL1C_20210529T020651_N0300_R103_T52SCD_20210529T040855;127.9739590;34.6160560,2021-05-29 02:17:59.941000+00:00,34.616056,127.973959,assigned,IMO-9250543,0.8368665431886626,0.996629,2,plausible,83.86608859736533,378.57292992381537,133.1,1.17,5.809762101018262e-07,,3.6215147198236503e-06,False,True,True,False,False,False,False,False,False,False,9250543,reid,,,,2021-05-29,INVICTA,False,8208,raw+reid,False,
S2B_MSIL1C_20210615T024549_N0300_R132_T49PEM_20210615T052305;111.8132040;10.2943040,2021-06-15 03:05:08.980000+00:00,10.294304,111.813204,assigned,IMO-9250543,0.8192336099405253,0.996629,2,plausible,1115.9897773851267,723.3679719749349,210.2,9.92,3.5403940891256655e-06,,6.985439303481441e-05,False,True,True,False,False,False,False,False,False,False,9250543,reid,,,,2021-06-15,INVICTA,False,8654,raw+reid,False,
S2B_MSIL1C_20220227T073849_N0400_R092_T37QHV_20220227T093613;42.17549400;17.2647720,2022-02-27 07:54:56.693000+00:00,17.264772,42.175494,assigned,IMO-9250543,0.8283570578715285,0.996629,1,plausible,89.0165891307499,81.84234740780991,257.2,0.1,2.4898286776637133e-09,9.374063024428698e-07,0.0024898286776637133,False,False,False,False,False,False,False,False,False,False,9250543,reid,,,,2022-02-27,INVICTA,False,2951,raw+reid,False,
S2C_MSIL1C_20250819T071641_N0511_R006_T39RUP_20250819T105958;49.05739600;29.9908070,2025-08-19 07:31:41.444000+00:00,29.990807,49.057396,assigned,IMO-9250543,0.5118898891484136,0.936031,2,plausible,41.96162485084045,41.96162485083995,273.9,7.4,0.00022436873869534547,,0.0049859719710076775,False,False,False,False,True,False,False,False,False,False,9250543,reid,,,,2025-08-19,INVICTA,False,2193,raw+reid,True,fixed_infra_v2
S2A_MSIL1C_20251214T113911_N0511_R080_T29TMF_20251214T150634;-9.81655600;41.0470840,2025-12-14 11:40:15.777000+00:00,41.047084,-9.816556,assigned,IMO-9250543,0.7863762466535036,0.99648,4,no_ais_ping,,,240.2,11.88,7.677977709928212e-08,,1.706217268872936e-06,False,True,True,False,False,False,False,False,False,False,9250543,reid,,,,2025-12-14,INVICTA,False,3225,raw+reid,False,
S2C_MSIL1C_20260110T084331_N0511_R064_T35SPS_20260110T103850;29.04330600;32.9204040,2026-01-10 08:51:17.296000+00:00,32.920404,29.043306,assigned,IMO-9250543,0.7802644921910513,0.99648,4,plausible,154.5940999814214,346.4660809131584,224.8,11.69,8.96648882274512e-05,4.5672475365224823e-05,1.988963246881889,False,False,False,False,False,False,False,False,False,False,9250543,reid,,,,2026-01-10,INVICTA,False,930,raw+reid,False,
S2B_MSIL1C_20260112T083219_N0511_R021_T36RVV_20260112T104016;32.30916600;31.4574300,2026-01-12 08:41:31.780000+00:00,31.45743,32.309166,assigned,IMO-9250543,0.7812280120786106,0.99648,3,plausible,0.10291348676306478,117.79227087776687,243.9,0.23,0.00013082367949239333,5.684423526190833e-06,5.4647208665179905,False,False,False,False,False,False,False,False,False,False,9250543,reid,,,,2026-01-12,INVICTA,False,1131,raw+reid,False,
S2B_MSIL1C_20260117T074139_N0511_R092_T37PHS_20260117T092029;41.86855400;14.9710000,2026-01-17 07:55:41.183000+00:00,14.971,41.868554,assigned,IMO-9250543,0.7643913592864884,0.991075,3,plausible,82.9650345854023,482.80489537679927,192.3,9.48,0.0008121121677245484,0.00022314280739518826,3.78016118983515,False,False,False,False,False,False,False,False,False,False,9250543,reid,,,,2026-01-17,INVICTA,False,3176,raw+reid,False,
S2B_MSIL1C_20260126T050559_N0511_R076_T44NMM_20260126T082105;80.58552400;5.69535400,2026-01-26 05:07:09.404000+00:00,5.695354,80.585524,assigned,IMO-9250543,0.7813400929171408,0.99648,4,plausible,72.96600042829422,642.5992214061907,232.2,10.92,0.0008788789752595963,3.972477639008946e-05,23.55701064139621,False,False,False,False,False,False,False,False,False,False,9250543,reid,,,,2026-01-26,INVICTA,False,6445,raw+reid,False,
S2B_MSIL1C_20260210T021729_N0512_R003_T51RVH_20260210T040933;122.5314910;24.5849790,2026-02-10 02:30:44.914000+00:00,24.584979,122.531491,assigned,IMO-9250543,0.7786221324904758,0.99648,4,plausible,204.78725968035872,741.9473387690822,245.9,12.45,8.611701517625935e-05,1.9118636024073505e-05,3.5972497610672547,False,False,False,False,False,False,False,False,False,False,9250543,reid,,,,2026-02-10,INVICTA,False,8510,raw+reid,False,
S2C_MSIL1C_20260214T024821_N0512_R132_T50SQD_20260214T040555;119.9890310;34.8980450,2026-02-14 02:58:10.528000+00:00,34.898045,119.989031,assigned,IMO-9250543,0.745348938225586,0.989556,4,plausible,0.15082714698181834,0.4383573761010188,237.2,0.41,0.00012760978678890558,5.544776580276727e-06,5.067238118447054,False,False,False,False,False,False,False,False,False,False,9250543,reid,,,,2026-02-14,INVICTA,False,7612,raw+reid,False,
S2C_MSIL1C_20260221T023731_N0512_R089_T51STU_20260221T035654;119.8281760;34.8466320,2026-02-21 02:48:13.045000+00:00,34.846632,119.828176,assigned,IMO-9250543,0.5182003761080267,0.936031,4,plausible,1.7673495292369277,36.20067815971701,239.8,0.31,0.00016661268241788718,6.505813275187491e-06,6.6159983227715236,False,False,False,False,False,False,False,False,False,False,9250543,reid,,,,2026-02-21,INVICTA,False,7604,raw+reid,False,
S2B_MSIL1C_20260223T022609_N0512_R046_T51SWS_20260223T055429;123.8776960;32.5617600,2026-02-23 02:38:30.567000+00:00,32.56176,123.877696,assigned,IMO-9250543,0.9105990529060364,,4,,,,226.70000000000002,14.02,0.0010172415010385545,4.597867545021161e-05,22.56464039342017,True,False,,,,,,,,,9250543,raw,IMO-9250543,0.9105990529060364,,2026-02-23,INVICTA,False,8055,raw,False,
S2C_MSIL1C_20260302T030641_N0512_R075_T48NVH_20260302T064114;104.9182100;2.11430000,2026-03-02 03:27:34.595000+00:00,2.1143,104.91821,assigned,IMO-9250543,0.7765346535992599,0.99648,4,plausible,21.086538550442153,95.05970920673516,264.1,11.3,0.00032733586288199887,1.4795374930437452e-05,23.39663631296289,False,False,False,False,False,False,False,False,False,False,9250543,reid,,,,2026-03-02,INVICTA,False,8676,raw+reid,False,
S2B_MSIL1C_20260322T085549_N0512_R007_T35SMB_20260322T123443;26.66156500;37.0447030,2026-03-22 09:09:57.332000+00:00,37.044703,26.661565,assigned,IMO-9250543,0.7797929948912952,0.99648,4,plausible,57.08219039731476,297.4099405704951,218.79999999999998,12.93,5.3508224266917804e-05,4.430968920604201e-05,0.7967813063515137,False,False,False,False,False,False,False,False,False,False,9250543,reid,,,,2026-03-22,INVICTA,False,514,raw+reid,False,
S2B_MSIL1C_20260325T090549_N0512_R050_T35SLD_20260325T124449;25.41994000;39.4590840,2026-03-25 09:19:29.397000+00:00,39.459084,25.41994,assigned,IMO-9250543,0.9158053994178772,,4,,,,188.1,12.31,0.0069746291131423084,0.00031524884508876634,24.14781017029693,True,False,,,,,,,,,9250543,raw,IMO-9250543,0.9158053994178772,,2026-03-25,INVICTA,False,367,raw,False,
S2A_MSIL1C_20260412T084501_N0512_R064_T36TWM_20260412T122159;33.52195800;42.4448830,2026-04-12 08:48:53.097000+00:00,42.444883,33.521958,assigned,IMO-9250543,0.7613201215405034,0.991075,4,plausible,428.1774992828909,370.469645809236,242.3,9.72,3.261507705318525e-09,0.010084412061998074,9.280227201890918e-08,False,False,False,False,False,False,False,False,False,False,9250543,reid,,,,2026-04-12,INVICTA,False,393,raw+reid,False,
S2C_MSIL1C_20260413T084641_N0512_R107_T35TPG_20260413T110311;29.30490800;41.5760690,2026-04-13 08:58:42.704000+00:00,41.576069,29.304908,assigned,IMO-9250543,0.7636651349547279,0.991075,4,plausible,10.565990086917777,157.1781423905993,238.79999999999998,0.22,0.00015634251366425706,1.4869453350691332e-05,6.208181713240108,False,False,False,False,False,False,False,False,False,False,9250543,reid,,,,2026-04-13,INVICTA,False,40,raw+reid,False,
S2A_MSIL1C_20260419T083531_N0512_R021_T36RVV_20260419T121138;32.30930500;31.4241390,2026-04-19 08:41:52.970000+00:00,31.424139,32.309305,assigned,IMO-9250543,0.7788711162065738,0.99648,3,plausible,0.13084366841789746,140.83148677857844,225.79999999999998,0.05,0.0002908138734509324,1.1355562680159169e-05,6.450887492437433,False,False,False,False,False,False,False,False,False,False,9250543,reid,,,,2026-04-19,INVICTA,False,1134,raw+reid,False,
S2B_MSIL1C_20260424T072609_N0512_R049_T37PHS_20260424T093704;41.98525800;14.7770600,2026-04-24 07:45:44.560000+00:00,14.77706,41.985258,assigned,IMO-9250543,0.7636152139393388,0.991075,4,plausible,134.175311670857,420.342255087048,233.79999999999998,11.59,4.600435605500801e-05,3.744084445859606e-05,1.2330766074115058,False,False,False,False,False,False,False,False,False,False,9250543,reid,,,,2026-04-24,INVICTA,False,3201,raw+reid,False,
S2A_MSIL1C_20260424T075451_N0512_R092_T37PHS_20260424T094229;42.00045300;14.7481450,2026-04-24 07:56:01.335000+00:00,14.748145,42.000453,assigned,IMO-9250543,0.19319271206951782,0.71695,2,plausible,130.58028897783868,416.9496674481487,209.8,9.59,0.00017596493803711505,0.00011669288027504219,1.5133064655254638,False,False,False,False,False,False,False,False,False,False,9250543,reid,,,,2026-04-24,INVICTA,False,3204,raw+reid,False,
S2C_MSIL1C_20260427T064621_N0512_R020_T39PZR_20260427T102817;53.92413800;14.3586140,2026-04-27 07:05:40.466000+00:00,14.358614,53.924138,assigned,IMO-9250543,0.7713905874226157,0.991639,4,plausible,97.94149680467488,481.43374076884,253.0,8.72,0.0003670300852510554,1.658952879231986e-05,24.092281749243753,False,False,False,False,False,False,False,False,False,False,9250543,reid,,,,2026-04-27,INVICTA,False,3837,raw+reid,False,
S2B_MSIL1C_20260509T063619_N0512_R120_T40QFF_20260509T101350;58.05925400;18.8287760,2026-05-09 06:54:13.165000+00:00,18.828776,58.059254,assigned,IMO-9250543,0.8967663645744324,,4,,,,195.5,13.75,0.005153757393818859,0.00023294658969143312,23.989338488212262,True,False,,,,,,,,,9250543,raw,IMO-9250543,0.8967663645744324,,2026-05-09,INVICTA,False,3714,raw,False,
S2B_MSIL1C_20260520T093029_N0512_R136_T34SCE_20260520T113406;19.13468200;35.2975350,2026-05-20 09:40:36.883000+00:00,35.297535,19.134682,assigned,IMO-9250543,0.7885106190363089,0.99648,4,plausible,178.17350946291185,610.8084673161687,168.29999999999998,11.5,9.84049575236989e-07,,5.7435263487456884e-06,False,True,True,False,False,False,False,False,False,False,9250543,reid,,,,2026-05-20,INVICTA,False,1089,raw+reid,False,
S2C_MSIL1C_20260521T095031_N0512_R079_T33SUA_20260521T132912;13.01695900;36.6298700,2026-05-21 10:00:36.782000+00:00,36.62987,13.016959,assigned,IMO-9250543,0.9077843427658081,,4,,,,202.3,12.91,0.0036915306240726375,0.00016685486023276187,23.84237320338924,True,False,,,,,,,,,9250543,raw,IMO-9250543,0.9077843427658081,,2026-05-21,INVICTA,False,1476,raw,False,
S2A_MSIL1C_20260524T105651_N0512_R094_T29SQV_20260524T175440;-5.60957100;35.9590700,2026-05-24 11:11:45.103000+00:00,35.95907,-5.609571,assigned,IMO-9250543,0.7784236879956552,0.99648,4,plausible,27.66567946958924,477.2232761065642,244.8,12.15,0.00010486772043863298,,24.169907914870723,False,False,False,False,False,False,False,False,False,False,9250543,reid,,,,2026-05-24,INVICTA,False,3047,raw+reid,False,
S2B_MSIL1C_20260526T113309_N0512_R080_T29TLH_20260526T135808;-10.6310620;42.7356980,2026-05-26 11:39:30.343000+00:00,42.735698,-10.631062,assigned,IMO-9250543,0.7803609662173585,0.99648,4,plausible,17.445017070507344,565.4176169147347,224.8,14.1,8.710381410808811e-05,,0.0019356403135130692,False,False,False,False,False,False,False,False,False,False,9250543,reid,,,,2026-05-26,INVICTA,False,3251,raw+reid,False,
S2C_MSIL1C_20260529T104621_N0512_R051_T31UEU_20260529T130506;3.397172000;53.0151090,2026-05-29 10:56:23.626000+00:00,53.015109,3.397172,assigned,IMO-9250543,0.8898226618766785,,3,,,,213.79999999999998,13.33,0.0019126997473188651,8.645282445308206e-05,23.391787008258945,True,False,,,,,,,,,9250543,raw,IMO-9250543,0.8898226618766785,,2026-05-29,INVICTA,False,2317,raw,False,
S2B_MSIL1C_20260601T101019_N0512_R022_T34VDK_20260601T134455;20.17133400;57.6963360,2026-06-01 10:10:19+00:00,57.696336,20.171334,assigned,IMO-9250543,0.7732724749529751,0.991639,4,plausible,67.32285503171313,385.9250608895723,235.79999999999998,10.33,4.945967206509194e-05,4.02529683612578e-05,1.3256910837048903,False,False,False,False,False,False,False,False,False,False,9250543,reid,,,,2026-06-01,INVICTA,False,1931,raw+reid,False,
S2B_MSIL1C_20260601T101019_N0512_R022_T34VDJ_20260601T134455;20.17133400;57.6963360,2026-06-01 10:10:19+00:00,57.696336,20.171334,assigned,IMO-9250543,0.778240973495592,0.99648,4,plausible,67.32285503171313,385.9250608895723,230.3,10.67,,,23.868595671069016,False,False,False,False,False,False,False,False,False,True,9250543,reid,,,,2026-06-01,INVICTA,False,1931,raw+reid,True,not_in_pipe
S2B_MSIL1C_20260602T094029_N0512_R036_T35VMG_20260602T113514;25.68353000;59.8335290,2026-06-02 09:40:29+00:00,59.833529,25.68353,assigned,IMO-9250543,0.7714042114023378,0.991639,4,plausible,12.026394689693612,0.09085092616890118,214.8,0.15,0.0005810356178284874,2.2688004184125147e-05,7.105904329996387,False,False,False,False,False,False,False,False,False,False,9250543,reid,,,,2026-06-02,INVICTA,False,2076,raw+reid,False,
S2C_MSIL1C_20260607T094031_N0512_R036_T35VMG_20260607T115314;25.68503100;59.8316590,2026-06-07 09:40:31+00:00,59.831659,25.685031,assigned,IMO-9250543,0.7754792706339693,0.99648,4,plausible,0.2188258258940828,0.09266518991370822,233.29999999999998,0.32,0.00026362792459209386,1.0294018598293934e-05,7.066144486106074,False,False,False,False,False,False,False,False,False,False,9250543,reid,,,,2026-06-07,INVICTA,False,2076,raw+reid,False,
S2C_MSIL1C_20260614T093031_N0512_R136_T35VNG_20260614T112213;28.44160200;60.0041110,2026-06-14 09:33:47.835000+00:00,60.004111,28.441602,assigned,IMO-9250543,0.7948337341000098,0.99648,4,plausible,0.0806792881485911,39.45039251896777,252.5,0.08,9.844494707673764e-05,3.844031764404333e-06,6.4620408437085555,False,False,False,False,False,False,False,False,False,False,9250543,reid,,,,2026-06-14,INVICTA,False,2082,raw+reid,False,
S2C_MSIL1C_20260630T113321_N0512_R080_T28SGE_20260630T150756;-12.0602840;35.4350820,2026-06-30 11:41:34.552000+00:00,35.435082,-12.060284,assigned,IMO-9250543,0.9044302701950073,,4,,,,182.7,0.25,0.002369092114303584,0.00022532006075313247,5.88870799923647,True,False,,,,,,,,,9250543,raw,IMO-9250543,0.9044302701950073,,2026-06-30,INVICTA,False,3607,raw,False,
S2A_MSIL1C_20260814T064321_N0512_R120_T40PCA_20260814T100303;55.20460100;14.2595120,2026-08-14 06:43:21+00:00,14.259512,55.204601,assigned,IMO-9250543,0.7736457412333451,0.991639,4,plausible,19.79468139838055,588.4585837645399,195.5,10.77,,,22.332717724239533,False,False,False,False,False,False,False,False,False,True,9250543,reid,,,,2026-08-14,INVICTA,False,3925,raw+reid,True,not_in_pipe
S2C_MSIL1C_20260831T084601_N0512_R107_T36TTL_20260831T122939;29.82700100;41.3155500,2026-08-31 08:46:01+00:00,41.31555,29.827001,assigned,IMO-9250543,0.9146440029144287,,4,,,,221.4,13.84,1.0804700405678147,0.04883656563188297,24.01044534595144,True,False,,,,,,,,,9250543,raw,IMO-9250543,0.9146440029144287,,2026-08-31,INVICTA,False,66,raw,False,
S2C_MSIL1C_20260901T081601_N0512_R121_T37TBG_20260901T115927;36.52452600;41.6171020,2026-09-01 08:28:31.312000+00:00,41.617102,36.524526,assigned,IMO-9250543,0.6396709691087352,0.976052,4,plausible,513.2291715121986,625.0075361358439,212.3,12.12,0.0,,,False,True,True,False,False,False,False,False,False,False,9250543,reid,,,,2026-09-01,INVICTA,False,625,raw+reid,False,
S2B_MSIL1C_20260906T081559_N0512_R121_T37TCF_20260906T115442;37.22363600;41.1738290,2026-09-06 08:15:59+00:00,41.173829,37.223636,assigned,IMO-9250543,0.47638572195292284,0.901398,4,plausible,684.5300693023783,,233.79999999999998,0.44,1.6768391560762928e-06,,,False,True,True,False,False,False,False,False,False,False,9250543,reid,,,,2026-09-06,INVICTA,False,685,raw+reid,False,
S2C_MSIL1C_20260911T081601_N0512_R121_T36TYM_20260911T103209;36.34718200;41.4255240,2026-09-11 08:16:01+00:00,41.425524,36.347182,assigned,IMO-9250543,0.3278440982914077,0.828571,4,no_ais_ping,,,239.1,7.32,,,,False,True,False,False,False,False,False,False,False,True,9250543,reid,,,,2026-09-11,INVICTA,False,610,raw+reid,True,not_in_pipe
S2C_MSIL1C_20260911T081601_N0512_R121_T37TBF_20260911T103209;36.34717400;41.4257240,2026-09-11 08:16:01+00:00,41.425724,36.347174,assigned,IMO-9250543,0.25430264174875106,0.768212,4,no_ais_ping,,,261.2,7.54,,,,False,True,False,False,False,False,False,False,False,True,9250543,reid,,,,2026-09-11,INVICTA,False,610,raw+reid,True,not_in_pipe
S2C_MSIL1C_20260911T081601_N0512_R121_T36TYL_20260911T103209;36.34695300;41.4257110,2026-09-11 08:16:01+00:00,41.425711,36.346953,assigned,IMO-9250543,0.4121972928675177,0.894945,4,no_ais_ping,,,254.8,7.26,,,,False,True,False,False,False,False,False,False,False,True,9250543,reid,,,,2026-09-11,INVICTA,False,610,raw+reid,True,not_in_pipe
S2A_MSIL1C_20260913T082021_N0512_R121_T37TCF_20260913T102321;36.64040500;41.4769680,2026-09-13 08:20:21+00:00,41.476968,36.640405,assigned,IMO-9250543,0.784866988658905,,4,,,,202.8,14.02,0.2742414473267976,0.05646758061238592,,True,False,,,,,,,,,9250543,raw,IMO-9250543,0.784866988658905,,2026-09-13,INVICTA,False,635,raw,False,
S2A_MSIL1C_20170626T033531_N0205_R061_T47PPQ_20170626T034333;100.6918970;13.4030470,2017-06-26 03:43:33.290000+00:00,13.403047,100.691897,novel,,0.11659011244773865,,5,,,,168.6,0.28,1.2304966108165295e-06,,3.5012298456056875e-05,False,True,,,,,,,,,9337901,raw,IMO-9337901,0.11659011244773865,,2017-06-26,KHRIZOPRAZ,False,7506,raw,False,
S2A_MSIL1C_20170626T033531_N0205_R061_T47PPQ_20170626T035426;100.7374220;13.3265420,2017-06-26 03:54:26.300000+00:00,13.326542,100.737422,assigned,IMO-9337901,0.017728379183332033,0.367501,7,plausible,1350.9637922792158,1303.2770655631687,120.9,0.26,8.428028479195306e-07,,5.9108133734323395e-06,False,True,True,False,False,False,False,False,False,False,9337901,reid,,,,2017-06-26,KHRIZOPRAZ,False,7515,raw+reid,False,
S2B_MSIL1C_20171026T032809_N0206_R018_T48PUT_20171026T084837;103.6078330;10.8718170,2017-10-26 03:37:34.270000+00:00,10.871817,103.607833,novel,,0.1077485904097557,,5,,,,221.1,7.26,0.0,,,False,True,,,,,,,,,9337901,raw,IMO-9337901,0.1077485904097557,,2017-10-26,KHRIZOPRAZ,False,7930,raw,False,
S2A_MSIL1C_20171101T025841_N0206_R032_T48MYE_20171101T082319;106.9492160;-0.4311700,2017-11-01 03:17:48.340000+00:00,-0.43117,106.949216,assigned,IMO-9337901,0.76009286903912,0.991075,6,plausible,378.3691777234539,326.28119126698874,234.7,13.43,7.859024253199943e-05,,0.00045870161432481237,False,False,False,False,False,False,False,False,False,False,9337901,reid,,,,2017-11-01,KHRIZOPRAZ,False,9041,raw+reid,False,
S2A_MSIL1C_20171212T023111_N0206_R046_T50PQT_20171212T074652;119.2263160;11.4460320,2017-12-12 02:40:39.090000+00:00,11.446032,119.226316,assigned,IMO-9337901,0.7733286735123812,0.991639,5,plausible,217.02003727804066,88.23920689547688,206.70000000000002,12.02,3.035897587444305e-07,,5.990033254720304e-06,False,True,True,False,False,False,False,False,False,False,9337901,reid,,,,2017-12-12,KHRIZOPRAZ,False,9181,raw+reid,False,
S2B_MSIL1C_20180104T033129_N0206_R018_T48PTR_20180104T061354;102.7978900;9.36068400,2018-01-04 03:31:23.460000+00:00,9.360684,102.79789,assigned,IMO-9337901,0.7672207069173567,0.991075,5,plausible,398.7934372092429,267.087941606236,223.4,13.37,3.184270976348886e-05,,0.000185853891048136,False,False,False,False,False,False,False,False,False,False,9337901,reid,,,,2018-01-04,KHRIZOPRAZ,False,7972,raw+reid,False,
S2B_MSIL1C_20180226T184319_N0206_R070_T10SFC_20180226T221725;-120.903559;33.6740200,2018-02-26 18:43:21.460000+00:00,33.67402,-120.903559,assigned,IMO-9337901,0.73054256919999,0.988173,4,plausible,117.51356845621162,129.50654645074468,142.0,14.61,1.094388052153758e-09,0.0012425967265037672,5.339251498694366e-08,False,False,False,False,False,False,False,False,False,False,9337901,reid,,,,2018-02-26,KHRIZOPRAZ,False,11089,raw+reid,False,
S2A_MSIL1C_20180516T013701_N0206_R117_T54TUK_20180516T033241;138.6702370;40.4670560,2018-05-16 01:36:55.460000+00:00,40.467056,138.670237,assigned,IMO-9337901,0.7637930196007403,0.991075,5,plausible,138.68161580719473,901.907104108457,223.1,13.96,1.4659172611375501e-08,0.04532539869827769,8.556006349981864e-08,False,False,False,False,False,False,False,False,False,False,9337901,reid,,,,2018-05-16,KHRIZOPRAZ,False,8459,raw+reid,False,
S2B_MSIL1C_20180528T030539_N0206_R075_T48NWK_20180528T074709;105.9440180;4.38351000,2018-05-28 03:25:01.170000+00:00,4.38351,105.944018,assigned,IMO-9337901,0.6938291552878795,0.98324,7,plausible,410.4844532947033,369.66858240972283,193.6,6.77,2.7738303515429228e-05,,0.00017290669176704606,False,False,False,False,False,False,False,False,False,False,9337901,reid,,,,2018-05-28,KHRIZOPRAZ,False,8599,raw+reid,False,
S2A_MSIL1C_20180708T032541_N0206_R018_T48PTR_20180708T061724;102.9100960;9.19350500,2018-07-08 03:30:16.260000+00:00,9.193505,102.910096,assigned,IMO-9337901,0.7286115313434038,0.988173,7,plausible,548.9676657786943,407.8655050887034,228.1,14.84,8.403083879457776e-06,,5.893319024180024e-05,False,True,True,False,False,False,False,False,False,False,9337901,reid,,,,2018-07-08,KHRIZOPRAZ,False,7994,raw+reid,False,
S2A_MSIL1C_20180725T031541_N0206_R118_T48NUM_20180725T061658;103.7216170;5.65854200,2018-07-25 03:21:52.060000+00:00,5.658542,103.721617,assigned,IMO-9337901,0.7639523497803431,0.991075,6,plausible,344.03958728983037,485.71229042826513,240.6,11.09,8.623864080587662e-05,,0.0008269861672130088,False,False,False,False,False,False,False,False,False,False,9337901,reid,,,,2018-07-25,KHRIZOPRAZ,False,8321,raw+reid,False,
S2A_MSIL1C_20180815T024551_N0206_R132_T49NEJ_20180815T074027;111.0623940;8.04483500,2018-08-15 02:52:47.570000+00:00,8.044835,111.062394,assigned,IMO-9337901,0.7624978909626172,0.991075,5,plausible,389.05612595973105,1234.0985776537693,227.3,14.28,1.557759111274419e-05,,9.710290117440357e-05,False,False,False,False,False,False,False,False,False,False,9337901,reid,,,,2018-08-15,KHRIZOPRAZ,False,8754,raw+reid,False,
S2A_MSIL1C_20180831T030541_N0206_R075_T48NWJ_20180831T060644;105.1224770;3.38514100,2018-08-31 03:11:52.060000+00:00,3.385141,105.122477,assigned,IMO-9337901,0.7632994797346697,0.991075,6,plausible,278.1406440697405,250.4178189166191,254.20000000000002,11.86,2.553175282222807e-05,,0.0001790613622169482,False,False,False,False,False,False,False,False,False,False,9337901,reid,,,,2018-08-31,KHRIZOPRAZ,False,8605,raw+reid,False,
S2B_MSIL1C_20180929T024539_N0206_R132_T49PHP_20180929T062221;114.1018620;12.3964550,2018-09-29 02:58:00.060000+00:00,12.396455,114.101862,assigned,IMO-9337901,0.7680223931103356,0.991075,7,plausible,335.03646915337384,232.14924675271294,204.20000000000002,11.57,3.841953616677249e-05,,0.00023948814656692659,False,False,False,False,False,False,False,False,False,False,9337901,reid,,,,2018-09-29,KHRIZOPRAZ,False,8690,raw+reid,False,
S2B_MSIL1C_20181003T022549_N0206_R046_T51RWN_20181003T060139;123.4805920;29.4077210,2018-10-03 02:36:59.110000+00:00,29.407721,123.480592,assigned,IMO-9337901,0.7904636235344995,0.99648,4,plausible,557.1984433824596,905.5168338005014,215.79999999999998,12.88,2.391787101777038e-05,,0.0005315082448393418,False,False,False,False,False,False,False,False,False,False,9337901,reid,,,,2018-10-03,KHRIZOPRAZ,False,8226,raw+reid,False,
S2A_MSIL1C_20181017T025711_N0206_R032_T49NBG_20181017T055804;108.5945350;5.86158300,2018-10-17 03:02:59.420000+00:00,5.861583,108.594535,assigned,IMO-9337901,0.7637942173464367,0.991075,7,plausible,1718.9115885963008,240.8697625176459,224.8,13.02,8.345418687216296e-05,,0.00048709062355723224,False,False,False,False,False,False,False,False,False,False,9337901,reid,,,,2018-10-17,KHRIZOPRAZ,False,8709,raw+reid,False,
S2B_MSIL1C_20181214T031129_N0207_R075_T48NXL_20181214T082251;106.2038360;4.56213200,2018-12-14 03:26:37.880000+00:00,4.562132,106.203836,assigned,IMO-9337901,0.7659585258531294,0.991075,7,plausible,293.77685439139265,,213.9,13.91,1.0822472871261047e-06,,6.746187559262473e-06,False,True,True,False,False,False,False,False,False,False,9337901,reid,,,,2018-12-14,KHRIZOPRAZ,False,8607,raw+reid,False,
S2A_MSIL1C_20181218T034141_N0207_R061_T47PPQ_20181218T062847;100.5529430;13.3610030,2018-12-18 03:54:31.800000+00:00,13.361003,100.552943,novel,,0.10701480507850647,,17,,,,174.4,0.15,0.0,,,False,True,,,,,,,,,9337901,raw,IMO-9337901,0.10701480507850647,,2018-12-18,KHRIZOPRAZ,False,7498,raw,False,
S2A_MSIL1C_20181219T031131_N0207_R075_T48NXL_20181219T074034;105.9486640;5.02057700,2018-12-19 03:26:35.470000+00:00,5.020577,105.948664,assigned,IMO-9337901,0.7611314388753385,0.991075,6,plausible,328.4385880942118,1330.989471031092,219.4,9.15,6.732257767749811e-05,,0.0009197687737366537,False,False,False,False,False,False,False,False,False,False,9337901,reid,,,,2018-12-19,KHRIZOPRAZ,False,8552,raw+reid,False,
S2A_MSIL1C_20190203T032941_N0207_R018_T48PTQ_20190203T075850;103.0038770;8.79763900,2019-02-03 03:45:46+00:00,8.797639,103.003877,assigned,IMO-9337901,0.7658530009001971,0.991075,6,plausible,443.0565673557236,471.769266270585,232.2,12.73,8.538060849151502e-07,,4.98334420219486e-06,False,True,True,False,False,False,False,False,False,False,9337901,reid,,,,2019-02-03,KHRIZOPRAZ,False,8031,raw+reid,False,
S2B_MSIL1C_20190226T024659_N0207_R132_T49PHQ_20190226T080544;113.9565960;12.6543170,2019-02-26 03:04:13+00:00,12.654317,113.956596,assigned,IMO-9337901,0.7850393517650112,0.99648,6,plausible,422.9252960651267,1281.8343338030136,215.79999999999998,12.87,0.0,,,False,True,True,False,False,False,False,False,False,False,9337901,reid,,,,2019-02-26,KHRIZOPRAZ,False,8659,raw+reid,False,
S2A_MSIL1C_20190228T023631_N0207_R089_T50QQJ_20190228T061129;119.2804100;21.0897260,2019-02-28 02:51:46+00:00,21.089726,119.28041,assigned,IMO-9337901,0.7513480547467424,0.991075,7,plausible,1516.506081564638,186.4077876516698,228.6,12.84,0.00013419223739349315,,0.0007832294943890887,False,False,False,False,False,False,False,False,False,False,9337901,reid,,,,2019-02-28,KHRIZOPRAZ,False,8489,raw+reid,False,
S2B_MSIL1C_20190316T020649_N0207_R103_T52SGH_20190316T053921;131.6376820;38.6923990,2019-03-16 02:16:45+00:00,38.692399,131.637682,assigned,IMO-9337901,0.7505235695011834,0.991075,4,plausible,492.3731537637866,154.02210898239912,238.0,0.09,1.3275048726026086e-06,,1.2730119077612071e-05,False,True,True,False,False,False,False,False,False,False,9337901,reid,,,,2019-03-16,KHRIZOPRAZ,False,8143,raw+reid,False,
S2B_MSIL1C_20190325T023549_N0207_R089_T49NHG_20190325T071808;114.0898460;5.83753900,2019-03-25 02:56:16+00:00,5.837539,114.089846,novel,,0.0,,2,,,,187.2,11.88,6.066956739894514e-08,,0.00011833755486028679,False,False,,,,,,,,,9337901,raw,IMO-9337901,0.0,,2019-03-25,KHRIZOPRAZ,False,9167,raw,False,
S2A_MSIL1C_20191024T033821_N0208_R061_T47PPQ_20191024T064409;100.5092180;13.1121330,2019-10-24 03:54:43.785000+00:00,13.112133,100.509218,novel,,0.2423507273197174,,16,,,,206.6,0.45,7.969877293606536e-09,,1.572511214547655e-07,False,True,,,,,,,,,9337901,raw,IMO-9337901,0.2423507273197174,,2019-10-24,KHRIZOPRAZ,False,7512,raw,False,
S2A_MSIL1C_20191025T030811_N0208_R075_T48NVG_20191025T064244;104.5424490;1.59177400,2019-10-25 03:27:51.984000+00:00,1.591774,104.542449,assigned,IMO-9337901,0.7872182790728779,0.99648,5,plausible,0.23638704997272983,0.18345836249025557,226.1,1.66,5.758555985251329e-06,,4.0386372463388104e-05,False,True,True,False,False,False,False,False,False,False,9337901,reid,,,,2019-10-25,KHRIZOPRAZ,False,8691,raw+reid,False,
S2A_MSIL1C_20200131T022931_N0208_R046_T51SXB_20200131T041041;124.3326340;37.3018870,2020-01-31 02:37:09.534000+00:00,37.301887,124.332634,assigned,IMO-9337901,0.762827159893277,0.991075,7,plausible,7.6418058033946314,29.407443485926663,237.7,0.22,1.5653986960965263e-05,,0.00010978581254775654,False,False,False,False,False,False,False,False,False,False,9337901,reid,,,,2020-01-31,KHRIZOPRAZ,False,7743,raw+reid,False,
S2B_MSIL1C_20200209T020829_N0209_R103_T52SGF_20200209T040347;131.3553100;36.8605720,2020-02-09 02:17:06.499000+00:00,36.860572,131.35531,assigned,IMO-9337901,0.7655485268816307,0.991075,5,plausible,50.41525995187005,253.1556665353169,242.2,12.62,2.0969877204995623e-07,,1.4706764568782824e-06,False,True,True,False,False,False,False,False,False,False,9337901,reid,,,,2020-02-09,KHRIZOPRAZ,False,8257,raw+reid,False,
S2A_MSIL1C_20200307T024541_N0209_R132_T49PFQ_20200307T062159;112.7231170;12.8084350,2020-03-07 03:04:17.415000+00:00,12.808435,112.723117,assigned,IMO-9337901,0.75885541721496,0.991075,6,plausible,1095.7700316769206,1433.9529071767486,229.20000000000002,13.48,7.391469798019633e-05,,0.0005183845621701921,False,False,False,False,False,False,False,False,False,False,9337901,reid,,,,2020-03-07,KHRIZOPRAZ,False,8546,raw+reid,False,
S2B_MSIL1C_20200318T030539_N0209_R075_T48NVG_20200318T074252;104.5343560;1.60154300,2020-03-18 03:27:46.645000+00:00,1.601543,104.534356,assigned,IMO-9337901,0.7792155805540091,0.99648,5,plausible,0.1255496351975814,0.1192488176435748,261.6,0.16,4.138078371839433e-05,,0.0002415240325276355,False,False,False,False,False,False,False,False,False,False,9337901,reid,,,,2020-03-18,KHRIZOPRAZ,False,8690,raw+reid,False,
S2A_MSIL1C_20200326T031541_N0209_R118_T48NVK_20200326T061353;104.6117420;4.07985900,2020-03-26 03:36:56.430000+00:00,4.079859,104.611742,assigned,IMO-9337901,0.7537295549285119,0.991075,6,plausible,252.52491759452099,161.25050011953445,197.2,12.55,0.00012876568381433643,,0.0008026607823753152,False,False,False,False,False,False,False,False,False,False,9337901,reid,,,,2020-03-26,KHRIZOPRAZ,False,8511,raw+reid,False,
S2A_MSIL1C_20200424T020701_N0209_R103_T53SKC_20200424T041732;131.5947640;38.7072330,2020-04-24 02:16:46.941000+00:00,38.707233,131.594764,assigned,IMO-9337901,0.7458217811699974,0.989556,7,plausible,447.85587998555457,370.6221758571405,213.9,11.52,6.0805488996772644e-05,,0.0003790309648122973,False,False,False,False,False,False,False,False,False,False,9337901,reid,,,,2020-04-24,KHRIZOPRAZ,False,8139,raw+reid,False,
S2A_MSIL1C_20200912T031541_N0209_R118_T48NUP_20200912T061131;103.4701490;7.65895100,2020-09-12 03:36:09.428000+00:00,7.658951,103.470149,assigned,IMO-9337901,0.7292874275962049,0.988173,7,plausible,1267.8728726659656,651.1004751834009,215.6,15.09,0.0,,,False,True,True,False,False,False,False,False,False,False,9337901,reid,,,,2020-09-12,KHRIZOPRAZ,False,8153,raw+reid,False,
S2B_MSIL1C_20200918T024549_N0209_R132_T49NDG_20200918T053538;110.8709340;6.32474900,2020-09-18 03:06:25.775000+00:00,6.324749,110.870934,assigned,IMO-9337901,0.7481520951323546,0.991075,7,plausible,259.0529712435435,289.5754024852364,225.3,13.87,0.00041684492830356204,,0.002432966681049509,False,False,False,False,False,False,False,False,False,False,9337901,reid,,,,2020-09-18,KHRIZOPRAZ,False,8864,raw+reid,False,
S2B_MSIL1C_20201019T021719_N0209_R003_T51SXR_20201019T042511;124.6410760;31.8528130,2020-10-19 02:28:51.895000+00:00,31.852813,124.641076,assigned,IMO-9337901,0.7652951303924027,0.991075,6,plausible,494.5113059978616,348.3265105878249,247.2,13.86,1.0299879195564716e-06,,9.87707776827187e-06,False,True,True,False,False,False,False,False,False,False,9337901,reid,,,,2020-10-19,KHRIZOPRAZ,False,8140,raw+reid,False,
S2A_MSIL1C_20201020T023731_N0209_R089_T51SUV_20201020T044721;121.7683250;35.4727200,2020-10-20 02:47:58.373000+00:00,35.47272,121.768325,assigned,IMO-9337901,0.7680595481640573,0.991075,5,plausible,154.87520876159257,66.2880573947303,243.29999999999998,10.34,4.633036184229214e-06,,2.704128538687107e-05,False,True,True,False,False,False,False,False,False,False,9337901,reid,,,,2020-10-20,KHRIZOPRAZ,False,7683,raw+reid,False,
S2A_MSIL1C_20201207T020051_N0209_R060_T53TLG_20201207T040238;133.0042160;41.5323160,2020-12-07 02:05:46.954000+00:00,41.532316,133.004216,assigned,IMO-9337901,0.7288437666869569,0.988173,6,plausible,15.755829842059502,114.80324515878722,226.4,0.18,2.56470305540548e-05,,0.0001598707435111626,False,False,False,False,False,False,False,False,False,False,9337901,reid,,,,2020-12-07,KHRIZOPRAZ,False,8027,raw+reid,False,
S2A_MSIL1C_20201219T024121_N0209_R089_T51SWB_20201219T050553;123.8009940;37.2935200,2020-12-19 02:47:14.417000+00:00,37.29352,123.800994,assigned,IMO-9337901,0.7746604660809098,0.99648,6,plausible,30.414188620220838,36.20492803269107,242.7,0.35,2.074224507140841e-05,,0.000856702531824645,False,False,False,False,False,False,False,False,False,False,9337901,reid,,,,2020-12-19,KHRIZOPRAZ,False,7706,raw+reid,False,
S2A_MSIL1C_20201226T023121_N0209_R046_T51SXB_20201226T043703;124.3179030;37.4596030,2020-12-26 02:37:16.558000+00:00,37.459603,124.317903,assigned,IMO-9337901,0.7505220294685344,0.991075,4,plausible,16.77149162005518,32.82360679874979,227.8,0.2,1.0712283999384766e-05,,7.512826004310592e-05,False,False,False,False,False,False,False,False,False,False,9337901,reid,,,,2020-12-26,KHRIZOPRAZ,False,7731,raw+reid,False,
S2B_MSIL1C_20210201T030939_N0209_R075_T48PZQ_20210201T054738;107.9114120;8.88779500,2021-02-01 03:25:39.112000+00:00,8.887795,107.911412,assigned,IMO-9337901,0.7264308928264143,0.988173,5,plausible,104.16263884796585,167.79475559676263,252.0,0.31,3.5816516713774686e-07,,3.4346278655665912e-06,False,True,True,False,False,False,False,False,False,False,9337901,reid,,,,2021-02-01,KHRIZOPRAZ,False,8431,raw+reid,False,
S2A_MSIL1C_20210318T030541_N0209_R075_T48NVH_20210318T070451;104.8408010;1.91860400,2021-03-18 03:27:33.005000+00:00,1.918604,104.840801,assigned,IMO-9337901,0.7668100554649868,0.991075,9,plausible,171.2669507248754,163.46631055504943,241.1,12.87,8.566140499021941e-06,,8.21450759531399e-05,False,True,True,False,False,False,False,False,False,False,9337901,reid,,,,2021-03-18,KHRIZOPRAZ,False,8692,raw+reid,False,
S2B_MSIL1C_20210320T025549_N0209_R032_T49PDL_20210322T152916;110.4578910;9.06854700,2021-03-20 03:15:20.576000+00:00,9.068547,110.457891,assigned,IMO-9337901,0.7572167904891103,0.991075,7,plausible,846.9696717226319,1532.3771039809224,226.6,12.55,0.0,,,False,True,True,False,False,False,False,False,False,False,9337901,reid,,,,2021-03-20,KHRIZOPRAZ,False,8629,raw+reid,False,
S2B_MSIL1C_20210414T020649_N0300_R103_T52SFG_20210414T034915;130.3652670;37.2095790,2021-04-14 02:17:01.525000+00:00,37.209579,130.365267,assigned,IMO-9337901,0.34348148212639984,0.838307,8,plausible,459.20821384410846,305.99835356583253,206.9,11.45,1.187941665159991e-05,,7.40503337634892e-05,False,False,False,False,False,False,False,False,False,False,9337901,reid,,,,2021-04-14,KHRIZOPRAZ,False,8165,raw+reid,False,
S2A_MSIL1C_20210815T030551_N0301_R075_T48NWJ_20210815T054351;105.6448750;3.52660000,2021-08-15 03:27:18.942000+00:00,3.5266,105.644875,assigned,IMO-9337901,0.7520122887072453,0.991075,6,plausible,330.36300444072054,2621.3583882408616,257.7,12.77,8.50557642029683e-05,,0.000496438426585163,False,False,False,False,False,False,False,False,False,False,9337901,reid,,,,2021-08-15,KHRIZOPRAZ,False,8638,raw+reid,False,
S2B_MSIL1C_20210828T022549_N0301_R046_T51RWQ_20210828T042845;124.0128160;31.1354530,2021-08-28 02:38:59.773000+00:00,31.135453,124.012816,assigned,IMO-9337901,0.7639961079969737,0.991075,6,plausible,0.18779686160942444,560.8843813817451,231.20000000000002,0.11,8.986606671531503e-05,,0.0005601800517186867,False,False,False,False,False,False,False,False,False,False,9337901,reid,,,,2021-08-28,KHRIZOPRAZ,False,8144,raw+reid,False,
S2B_MSIL1C_20210901T020649_N0301_R103_T53TLH_20210901T033745;132.9532530;42.7461310,2021-09-01 02:15:27.739000+00:00,42.746131,132.953253,assigned,IMO-9337901,0.7780930361506364,0.99648,10,plausible,128.20635664640363,5.570056746062801,251.9,0.03,9.526105915721281e-05,,0.000668092595823245,False,False,False,False,False,False,False,False,False,False,9337901,reid,,,,2021-09-01,KHRIZOPRAZ,False,7936,raw+reid,False,
S2B_MSIL1C_20211028T033839_N0301_R061_T47PNL_20211028T055056;99.42072500;9.60171100,2021-10-28 03:55:43.187000+00:00,9.601711,99.420725,novel,,0.08749795705080032,,13,,,,244.4,0.07,0.0,,,False,True,,,,,,,,,9337901,raw,IMO-9337901,0.08749795705080032,,2021-10-28,KHRIZOPRAZ,False,7675,raw,False,
S2B_MSIL1C_20220215T033829_N0400_R061_T47PNL_20220215T060547;99.40818500;9.24527600,2022-02-15 03:55:35.539000+00:00,9.245276,99.408185,novel,,0.11419212073087692,,2,,,,214.1,3.53,5.5072758534681e-10,0.0003632384773589426,7.085478271513722e-07,False,True,,,,,,,,,9337901,raw,IMO-9337901,0.11419212073087692,,2022-02-15,KHRIZOPRAZ,False,7700,raw,False,
S2A_MSIL1C_20220303T030631_N0400_R075_T48NWK_20220303T054903;105.6210030;3.63942500,2022-03-03 03:27:05.593000+00:00,3.639425,105.621003,assigned,IMO-9337901,0.7469491123207952,0.991075,4,plausible,321.0503353327908,790.8325147829686,219.1,11.99,1.603543478855533e-05,,9.99568693446968e-05,False,False,False,False,False,False,False,False,False,False,9337901,reid,,,,2022-03-03,KHRIZOPRAZ,False,8627,raw+reid,False,
S2B_MSIL1C_20220401T024539_N0400_R132_T51STV_20220401T044310;120.2433620;36.0490420,2022-04-01 02:57:48.829000+00:00,36.049042,120.243362,assigned,IMO-9337901,0.7338307356773264,0.988173,4,plausible,2.843529499613593,48.8385544811697,239.5,1.49,0.00015884835146627097,0.004291209968734412,0.0011140481578963079,False,False,False,False,False,False,False,False,False,False,9337901,reid,,,,2022-04-01,KHRIZOPRAZ,False,7534,raw+reid,False,
S2A_MSIL1C_20220411T015651_N0400_R060_T52TGK_20220411T034710;131.7885810;40.1591010,2022-04-11 02:06:24.351000+00:00,40.159101,131.788581,assigned,IMO-9337901,0.750871544524216,0.991075,4,plausible,280.54546478600093,153.79701436410932,221.1,11.87,0.00026275751596187925,,0.0016378987560152635,False,False,False,False,False,False,False,False,False,False,9337901,reid,,,,2022-04-11,KHRIZOPRAZ,False,8048,raw+reid,False,
S2B_MSIL1C_20220418T023549_N0400_R089_T51TUE_20220418T042925;121.6772800;40.2021670,2022-04-18 02:46:35.806000+00:00,40.202167,121.67728,assigned,IMO-9337901,0.7856407230986306,0.99648,3,plausible,0.024060049743631382,5.031640263465076,260.5,1.68,6.122130728403063e-07,6.303379874259023e-07,0.05321979824610268,False,False,False,False,False,False,False,False,False,False,9337901,reid,,,,2022-04-18,KHRIZOPRAZ,False,7366,raw+reid,False,
S2B_MSIL1C_20220613T025529_N0400_R032_T49PCK_20220613T053625;109.6859350;8.21293100,2022-06-13 03:15:42.231000+00:00,8.212931,109.685935,assigned,IMO-9337901,0.751785348074435,0.991075,4,plausible,1817.939252927121,237.8349850491008,243.29999999999998,12.08,1.7386677884808355e-05,,0.00010147948341373067,False,False,False,False,False,False,False,False,False,False,9337901,reid,,,,2022-06-13,KHRIZOPRAZ,False,8628,raw+reid,False,
S2A_MSIL1C_20221002T081751_N0400_R121_T36SXA_20221002T091118;34.49129900;31.6472700,2022-10-02 08:31:24.509000+00:00,31.64727,34.491299,assigned,IMO-9337901,0.8417091632227311,0.996629,2,plausible,241.14804904241808,201.61059894947113,262.3,0.14,3.094939106140753e-08,0.002603062412778415,4.228341285565707e-07,False,False,False,False,False,False,False,False,False,False,9337901,reid,,,,2022-10-02,KHRIZOPRAZ,False,1218,raw+reid,False,
S2A_MSIL1C_20230214T091051_N0509_R050_T35SLD_20230214T111006;25.32005500;39.5043550,2023-02-14 09:19:29.463000+00:00,39.504355,25.320055,assigned,IMO-9337901,0.7661938846706207,0.991075,2,plausible,18.21444368312424,369.50269260585895,238.0,0.37,0.0,,,False,True,True,False,False,False,False,False,False,False,9337901,reid,,,,2023-02-14,KHRIZOPRAZ,False,396,raw+reid,False,
S2B_MSIL1C_20231228T113409_N0510_R080_T29TNL_20231228T123658;-8.96317400;45.3452490,2023-12-28 11:38:46.025000+00:00,45.345249,-8.963174,assigned,IMO-9337901,0.7791961523220152,0.99648,2,plausible,42.297211135514296,551.9996901433087,258.8,15.48,0.0004103239421759528,0.0351004899892284,0.0116752733821811,False,False,False,False,False,False,False,False,False,False,9337901,reid,,,,2023-12-28,KHRIZOPRAZ,False,3061,raw+reid,False,
S2B_MSIL1C_20250209T015729_N0511_R060_T53TLG_20250209T030936;133.1884050;41.5682410,2025-02-09 02:05:51.708000+00:00,41.568241,133.188405,assigned,IMO-9337901,0.7776419522545446,0.99648,2,plausible,110.14536228429778,113.8161190994603,208.0,10.82,0.0,,,False,True,True,False,False,False,False,False,False,False,9337901,reid,,,,2025-02-09,KHRIZOPRAZ,False,8036,raw+reid,False,
S2C_MSIL1C_20251012T015701_N0511_R060_T53TLG_20251012T034912;132.8011610;41.7478280,2025-10-12 02:06:01.932000+00:00,41.747828,132.801161,assigned,IMO-9337901,0.7581573685067156,0.991075,2,plausible,34.49336054039749,74.59933075584568,238.0,0.08,0.00015906220048270294,,0.004525923263357872,False,False,False,False,False,False,False,False,False,False,9337901,reid,,,,2025-10-12,KHRIZOPRAZ,False,7998,raw+reid,False,
S2C_MSIL1C_20260531T080601_N0512_R078_T36QZM_20260531T114932;36.80294100;23.7342960,2026-05-31 08:06:01+00:00,23.734296,36.802941,assigned,IMO-9337901,0.7330503536102242,0.988173,2,plausible,66.44596462003614,442.5501787469894,171.4,12.85,,,27.354835284548844,False,False,False,False,False,False,False,False,False,True,9337901,reid,,,,2026-05-31,KHRIZOPRAZ,False,2123,raw+reid,True,not_in_pipe
S2C_MSIL1C_20260606T082601_N0512_R021_T36RVT_20260606T120934;32.62044700;29.7322290,2026-06-06 08:42:02.257000+00:00,29.732229,32.620447,assigned,IMO-9337901,0.8985317349433899,,2,,,,298.9,0.47,0.017626076286499023,0.0016763841961800491,5.519697343120663,True,False,,,,,,,,,9337901,raw,IMO-9337901,0.8985317349433899,,2026-06-06,KHRIZOPRAZ,False,1368,raw,False,
S2C_MSIL1C_20260616T082601_N0512_R021_T36TWM_20260616T121013;34.06678600;42.1690350,2026-06-16 08:38:36.166000+00:00,42.169035,34.066786,assigned,IMO-9337901,0.7690890896399516,0.991075,2,plausible,447.279195481181,,227.7,14.23,0.0,,,False,True,True,False,False,False,False,False,False,False,9337901,reid,,,,2026-06-16,KHRIZOPRAZ,False,421,raw+reid,False,
S2C_MSIL1C_20260623T081601_N0512_R121_T37TDK_20260623T103717;37.92162000;44.5708540,2026-06-23 08:27:42.074000+00:00,44.570854,37.92162,assigned,IMO-9337901,0.7512766002487332,0.991075,2,plausible,,793.8626722317082,235.5,0.03,3.096273946560587e-05,,0.00021715039877140806,False,False,False,False,False,False,False,False,False,False,9337901,reid,,,,2026-06-23,KHRIZOPRAZ,False,790,raw+reid,False,
S2B_MSIL1C_20260625T080609_N0512_R078_T37TFG_20260625T101747;41.28201100;42.4074120,2026-06-25 08:18:20.425000+00:00,42.407412,41.282011,assigned,IMO-9337901,0.7820707183372733,0.99648,2,plausible,,1011.5023576731197,217.3,14.36,1.7133577290346632e-07,,1.6430258271215778e-06,False,True,True,False,False,False,False,False,False,False,9337901,reid,,,,2026-06-25,KHRIZOPRAZ,False,1015,raw+reid,False,
S2C_MSIL1C_20260626T082601_N0512_R021_T36TYM_20260626T120914;36.29050500;41.7707210,2026-06-26 08:38:29.376000+00:00,41.770721,36.290505,assigned,IMO-9337901,0.7685966964440425,0.991075,2,plausible,,598.0378018205786,218.1,12.42,0.0,,,False,True,True,False,False,False,False,False,False,False,9337901,reid,,,,2026-06-26,KHRIZOPRAZ,False,603,raw+reid,False,
S2B_MSIL1C_20260710T071619_N0512_R006_T38PMU_20260710T092650;44.86065100;11.9004100,2026-07-10 07:36:27.742000+00:00,11.90041,44.860651,assigned,IMO-9337901,0.759139374964434,0.991075,2,plausible,131.82098332482417,1637.610072751414,233.6,8.53,0.00046283538427273194,0.024019028902347018,0.01911616819488087,False,False,False,False,False,False,False,False,False,False,9337901,reid,,,,2026-07-10,KHRIZOPRAZ,False,3653,raw+reid,False,
S2B_MSIL1C_20260721T032519_N0512_R018_T47PRP_20260721T065431;102.4231370;12.0713580,2026-07-21 03:25:19+00:00,12.071358,102.423137,novel,,0.22095228731632233,,26,,,,193.29999999999998,7.97,0.0,,,False,True,,,,,,,,,9337901,raw,IMO-9337901,0.22095228731632233,,2026-07-21,KHRIZOPRAZ,False,7745,raw,False,
S2B_MSIL1C_20260728T081609_N0512_R121_T36RXQ_20260728T115555;34.46315200;27.0709330,2026-07-28 08:32:44.715000+00:00,27.070933,34.463152,assigned,IMO-9337901,0.8231767335126428,0.996629,1,plausible,27.260030459803065,337.2404178081485,181.20000000000002,12.55,1.802431878301956e-05,0.0753135068389228,0.0002462503094268408,True,False,False,False,False,False,False,False,False,False,9337901,reid,,,,2026-07-28,KHRIZOPRAZ,False,1700,raw+reid,False,
S2A_MSIL1C_20260819T091331_N0512_R050_T35TLE_20260819T125020;25.94430900;39.8776860,2026-08-19 09:13:31+00:00,39.877686,25.944309,assigned,IMO-9337901,0.9076786661819511,0.99719,1,plausible,0.07231049539760294,126.35015419401826,171.9,0.84,,,,False,True,False,False,False,False,False,False,False,True,9337901,reid,,,,2026-08-19,KHRIZOPRAZ,False,328,raw+reid,True,not_in_pipe
S2A_MSIL1C_20260819T091331_N0512_R050_T35TLE_20260819T125020;25.94489900;39.8773310,2026-08-19 09:13:31+00:00,39.877331,25.944899,assigned,IMO-9337901,0.9083202413917348,0.99719,1,plausible,0.11549889339025235,126.32667403104968,172.7,0.84,,,0.6471183989634947,False,False,False,False,False,False,False,False,False,True,9337901,reid,,,,2026-08-19,KHRIZOPRAZ,False,328,raw+reid,True,not_in_pipe
S2A_MSIL1C_20260831T081021_N0512_R078_T37TEH_20260831T115119;39.93002100;42.8531320,2026-08-31 08:10:21+00:00,42.853132,39.930021,assigned,IMO-9337901,0.7062817900029827,0.98324,2,impossible_speed,906.1660722099855,906.1660722099855,214.7,0.15,0.0,,,False,True,True,False,False,False,False,False,False,False,9337901,reid,,,,2026-08-31,KHRIZOPRAZ,True,906,hunt+raw+reid,False,
S2B_MSIL1C_20260908T085549_N0512_R007_T35TNF_20260908T123452;28.05424900;40.8428330,2026-09-08 08:55:49+00:00,40.842833,28.054249,assigned,IMO-9337901,0.8530943989753723,,2,,,,236.70000000000002,10.2,0.0362659939270659,0.0559707252276065,,True,False,,,,,,,,,9337901,raw,IMO-9337901,0.8530943989753723,,2026-09-08,KHRIZOPRAZ,False,124,raw,False,
S2A_MSIL1C_20170516T160511_N0205_R054_T17RQK_20170516T160514;-78.5482560;26.2614290,2017-05-16 16:05:14.460000+00:00,26.261429,-78.548256,assigned,IMO-9274800,0.8222680287947561,0.996629,1,plausible,36.439861327708996,10.179701443147179,278.9,0.05,1.7096852741254156e-06,,1.639504123415118e-05,False,True,True,False,False,False,False,False,False,False,9274800,reid,,,,2017-05-16,LABRADOR,False,9433,raw+reid,False,
S2A_MSIL1C_20170523T155531_N0205_R011_T17RQJ_20170523T155528;-78.0774940;26.0528580,2017-05-23 15:55:28.460000+00:00,26.052858,-78.077494,assigned,IMO-9274800,0.81673088464456,0.99648,1,plausible,63.03648035143666,49.98346081238204,195.5,0.21,0.0009127537447924277,,0.005689649704865851,False,False,False,False,False,False,False,False,False,False,9274800,reid,,,,2017-05-23,LABRADOR,False,9415,raw+reid,False,
S2A_MSIL1C_20170617T163321_N0205_R083_T15RXH_20170617T163446;-91.5893150;25.1092220,2017-06-17 16:34:46.440000+00:00,25.109222,-91.589315,assigned,IMO-9274800,0.8229955796664967,0.996629,1,plausible,1.822130340060242,19.179299188431933,229.1,0.16,0.0006020979122997993,,0.003514218501629694,False,False,False,False,False,False,False,False,False,False,9274800,reid,,,,2017-06-17,LABRADOR,False,10418,raw+reid,False,
S2A_MSIL1C_20170720T163901_N0205_R126_T15RYM_20170720T165443;-90.4954460;28.3030980,2017-07-20 16:54:43.700000+00:00,28.303098,-90.495446,assigned,IMO-9274800,0.8282543141245959,0.996629,1,plausible,207.12994949638826,6.192477360063827,283.9,0.32,0.0,,,False,True,True,False,False,False,False,False,False,False,9274800,reid,,,,2017-07-20,LABRADOR,False,10077,raw+reid,False,
S2B_MSIL1C_20170804T100029_N0205_R122_T34UCF_20170804T100025;17.96737800;54.9992550,2017-08-04 10:00:25.460000+00:00,54.999255,17.967378,novel,,0.0,,1,,,,219.1,0.48,1.5090353349145533e-05,,0.0003353411855365674,False,False,,,,,,,,,9274800,raw,IMO-9274800,0.0,,2017-08-04,LABRADOR,False,1702,raw,False,
S2A_MSIL1C_20170822T164901_N0205_R026_T15RUN_20170822T165920;-94.8365040;29.4362650,2017-08-22 16:59:20.600000+00:00,29.436265,-94.836504,assigned,IMO-9274800,0.8272537910418123,0.996629,1,plausible,25.462016828888984,357.4566851831644,260.79999999999995,6.32,7.056104609003547e-05,,0.0015680232464452325,False,False,False,False,False,False,False,False,False,False,9274800,reid,,,,2017-08-22,LABRADOR,False,10248,raw+reid,False,
S2B_MSIL1C_20180416T105029_N0206_R051_T31UFA_20180416T111231;5.047317000;54.8922890,2018-04-16 10:53:33.060000+00:00,54.892289,5.047317,assigned,IMO-9274800,0.8111588710067394,0.99648,1,plausible,47.05008469058111,431.733029139436,209.1,0.27,0.0005516296304820695,,0.003438582840305213,False,False,False,False,False,False,False,False,False,False,9274800,reid,,,,2018-04-16,LABRADOR,False,2298,raw+reid,False,
S2A_MSIL1C_20180727T104021_N0206_R008_T31TFH_20180727T125155;4.726932000;42.6378460,2018-07-27 10:40:23.460000+00:00,42.637846,4.726932,assigned,IMO-9274800,0.815080061872564,0.99648,1,plausible,55.814854915526105,401.24116173925586,246.1,5.73,1.3887692767267614e-08,0.04294002317614622,9.739829467534332e-08,False,False,False,False,False,False,False,False,False,False,9274800,reid,,,,2018-07-27,LABRADOR,False,2007,raw+reid,False,
S2B_MSIL1C_20181212T105439_N0207_R051_T30SWF_20181212T124901;-2.88899700;36.2325240,2018-12-12 11:00:58.460000+00:00,36.232524,-2.888997,assigned,IMO-9274800,0.8396049231078564,0.996629,1,plausible,160.498600909928,494.39189200074225,247.0,13.68,0.0,,,False,True,True,False,False,False,False,False,False,False,9274800,reid,,,,2018-12-12,LABRADOR,False,2814,raw+reid,False,
S2A_MSIL1C_20200601T095041_N0209_R079_T33SWB_20200601T110247;15.19321800;37.2071940,2020-06-01 10:00:22.201000+00:00,37.207194,15.193218,assigned,IMO-9274800,0.8196613740142453,0.996629,2,plausible,0.9085128812966142,245.2285897836371,294.20000000000005,0.14,0.0,,,False,True,True,False,False,False,False,False,False,False,9274800,reid,,,,2020-06-01,LABRADOR,False,1287,raw+reid,False,
S2B_MSIL1C_20210125T032019_N0209_R118_T48NVH_20210125T055619;104.4630460;1.98076900,2021-01-25 03:37:28.928000+00:00,1.980769,104.463046,assigned,IMO-9274800,0.8013714332514077,0.99648,1,plausible,,15.106839766521468,244.1,0.35,0.0,,,False,True,True,False,False,False,False,False,False,False,9274800,reid,,,,2021-01-25,LABRADOR,False,8647,raw+reid,False,
S2A_MSIL1C_20210130T032001_N0209_R118_T48NVH_20210130T060859;104.4627760;1.98058800,2021-01-30 03:37:29.256000+00:00,1.980588,104.462776,assigned,IMO-9274800,0.8200454208054566,0.996629,1,plausible,,15.09205057243293,254.20000000000002,0.26,2.410406610674381e-06,,9.955534895005406e-05,False,True,True,False,False,False,False,False,False,False,9274800,reid,,,,2021-01-30,LABRADOR,False,8647,raw+reid,False,
S2B_MSIL1C_20210401T033539_N0300_R061_T47PPQ_20210401T072308;100.7696540;13.0858900,2021-04-01 03:54:38.683000+00:00,13.08589,100.769654,assigned,IMO-9274800,0.8224141834964236,0.996629,1,plausible,38.0153066981228,10.929329110002207,268.6,0.19,2.4854207424536365e-05,,0.0003395610309898014,False,False,False,False,False,False,False,False,False,False,9274800,reid,,,,2021-04-01,LABRADOR,False,7528,raw+reid,False,
S2B_MSIL1C_20211208T063239_N0301_R077_T40QGL_20211208T073335;59.87926600;22.8125920,2021-12-08 06:43:00.670000+00:00,22.812592,59.879266,assigned,IMO-9274800,0.8464402810120788,0.996629,2,plausible,1011.6932381496176,569.3442350569386,228.79999999999998,11.46,1.3082673714663517e-06,,8.155083565986268e-06,False,True,True,False,False,False,False,False,False,False,9274800,reid,,,,2021-12-08,LABRADOR,False,3537,raw+reid,False,
S2B_MSIL1C_20220627T073619_N0400_R092_T37QHV_20220627T093703;42.09079900;17.6087180,2022-06-27 07:55:05.576000+00:00,17.608718,42.090799,assigned,IMO-9274800,0.8268383585609627,0.996629,1,plausible,51.946156464086734,117.14086644951789,253.0,1.96,0.0,,,False,True,True,False,False,False,False,False,False,False,9274800,reid,,,,2022-06-27,LABRADOR,False,2936,raw+reid,False,
S2A_MSIL1C_20220821T073631_N0400_R092_T37QHV_20220821T093017;42.17374800;17.2725630,2022-08-21 07:55:13.213000+00:00,17.272563,42.173748,assigned,IMO-9274800,0.8268347814379275,0.996629,1,plausible,68.17787840801354,17.33572552462656,250.3,0.43,0.0,,,False,True,True,False,False,False,False,False,False,False,9274800,reid,,,,2022-08-21,LABRADOR,False,2974,raw+reid,False,
S2B_MSIL1C_20250123T020909_N0511_R103_T51PXN_20250123T035241;124.2621890;11.4258320,2025-01-23 02:24:28.306000+00:00,11.425832,124.262189,assigned,IMO-9274800,0.17512034058301396,0.677982,32,plausible,9425.139954950626,607.5865166031372,65.0,8.02,3.2362215113491853e-06,,3.085393530706864e-05,False,True,True,False,False,False,False,False,False,False,9274800,reid,,,,2025-01-23,LABRADOR,False,9591,raw+reid,False,
S2C_MSIL1C_20250227T020721_N0511_R103_T53TKE_20250227T040213;131.6550240;39.6968740,2025-02-27 02:16:42.027000+00:00,39.696874,131.655024,assigned,IMO-9274800,0.768418120003048,0.991075,2,plausible,426.3543315987699,301.74733184133896,220.9,13.56,0.00013157627374786208,,0.0009227814077931467,False,False,False,False,False,False,False,False,False,False,9274800,reid,,,,2025-02-27,LABRADOR,False,8076,raw+reid,False,
S2B_MSIL1C_20250522T073619_N0511_R092_T37PGS_20250522T092024;41.74369700;15.2393460,2025-05-22 07:55:48.674000+00:00,15.239346,41.743697,assigned,IMO-9274800,0.8040743547690141,0.99648,3,plausible,77.42223341247144,511.59467780738873,232.0,0.18,0.00028151195034843116,1.272416293201945e-05,23.216918533432047,False,False,False,False,False,False,False,False,False,False,9274800,reid,,,,2025-05-22,LABRADOR,False,3169,raw+reid,False,
S2A_MSIL1C_20250523T072321_N0511_R006_T38PMU_20250523T081443;44.75318200;11.9337060,2025-05-23 07:36:45.363000+00:00,11.933706,44.753182,assigned,IMO-9274800,0.7843905608751811,0.99648,1,plausible,70.340857851822,656.575933468236,234.7,10.02,2.1899169244581005e-05,1.2569705829072799e-05,1.8060733395935258,False,False,False,False,False,False,False,False,False,False,9274800,reid,,,,2025-05-23,LABRADOR,False,3629,raw+reid,False,
S2C_MSIL1C_20250526T062651_N0511_R077_T40QEE_20250526T083803;57.75057800;17.7414070,2025-05-26 06:44:58.765000+00:00,17.741407,57.750578,assigned,IMO-9274800,0.7884058349768068,0.99648,2,plausible,147.0601569254446,530.7106361870693,224.4,10.32,0.0006227306821290226,1.528058068263399e-05,41.72836567544551,False,False,False,False,False,False,False,False,False,False,9274800,reid,,,,2025-05-26,LABRADOR,False,3797,raw+reid,False,
S2B_MSIL1C_20250614T074609_N0511_R135_T37QDC_20250614T093000;38.67915100;19.9886280,2025-06-14 08:04:23.886000+00:00,19.988628,38.679151,assigned,IMO-9274800,0.8350051697225922,0.996629,1,plausible,77.82654813168594,530.2558160244887,210.9,12.66,1.0558945930089576e-05,,0.0002087283013946427,False,False,False,False,False,False,False,False,False,False,9274800,reid,,,,2025-06-14,LABRADOR,False,2563,raw+reid,False,
S2C_MSIL1C_20250615T080631_N0511_R078_T37QBG_20250615T085640;36.77268300;23.8662680,2025-06-15 08:23:44.374000+00:00,23.866268,36.772683,assigned,IMO-9274800,0.8600645558585853,0.99719,1,plausible,56.95579726330393,527.4191399055376,214.5,7.63,2.3909313262114126e-05,1.58917926411132e-05,1.5694351353997822,False,False,False,False,False,False,False,False,False,False,9274800,reid,,,,2025-06-15,LABRADOR,False,2092,raw+reid,False,
S2A_MSIL1C_20250619T084731_N0511_R107_T35SPS_20250619T105223;28.37645200;33.1049540,2025-06-19 09:01:23.154000+00:00,33.104954,28.376452,assigned,IMO-9274800,0.7767029923947106,0.99648,3,plausible,67.58322493482947,620.1820972960763,202.8,12.21,3.2984642456139234e-05,2.6844694146920346e-05,1.3097822806771355,False,False,False,False,False,False,False,False,False,False,9274800,reid,,,,2025-06-19,LABRADOR,False,942,raw+reid,False,
S2B_MSIL1C_20250704T093039_N0511_R136_T35VNG_20250704T112615;28.42612800;59.7067440,2025-07-04 09:33:51.477000+00:00,59.706744,28.426128,assigned,IMO-9274800,0.7770924283065028,0.99648,3,impossible_speed,9803.08326844741,9803.246150583196,236.70000000000002,0.41,0.0004545669110502861,0.005083111749729888,0.0043590731950139475,False,False,False,False,False,False,False,False,False,False,9274800,reid,,,,2025-07-04,LABRADOR,False,2019,raw+reid,False,
S2A_MSIL1C_20250704T094051_N0511_R036_T35VNG_20250704T100305;28.42647600;59.7065600,2025-07-04 09:44:03.401000+00:00,59.70656,28.426476,assigned,IMO-9274800,0.7769224423006662,0.99648,3,impossible_speed,9803.067122779907,9803.230004072246,236.6,0.21,0.00013182373952997015,0.005314777238570434,0.0026058799256818495,False,False,False,False,False,False,False,False,False,False,9274800,reid,,,,2025-07-04,LABRADOR,False,2019,raw+reid,False,
S2C_MSIL1C_20250712T094101_N0511_R036_T35VNG_20250712T114617;28.66088000;59.9136090,2025-07-12 09:44:08.616000+00:00,59.913609,28.66088,assigned,IMO-9274800,0.8537295634137223,0.996629,3,impossible_speed,9787.101042502984,9786.78514917309,253.1,0.33,4.9170812547434595e-05,4.676546936937347e-06,4.274428037334647,False,False,False,False,False,False,False,False,False,False,9274800,reid,,,,2025-07-12,LABRADOR,False,2041,raw+reid,False,
S2A_MSIL1C_20250714T094121_N0511_R036_T35VLG_20250714T100220;24.32433800;59.7688850,2025-07-14 09:44:14.861000+00:00,59.768885,24.324338,assigned,IMO-9274800,0.7572055894486027,0.991075,8,plausible,67.9134482357319,535.8817024771638,219.20000000000002,1.45,0.00016125254200410435,1.4077358294483591e-05,10.584804436637047,False,False,False,False,False,False,False,False,False,False,9274800,reid,,,,2025-07-14,LABRADOR,False,2052,raw+reid,False,
S2A_MSIL1C_20250716T101701_N0511_R065_T32UPF_20250716T104112;11.59632500;54.4874030,2025-07-16 10:26:05.180000+00:00,54.487403,11.596325,assigned,IMO-9274800,0.8320459405752132,0.996629,2,plausible,61.34758056043569,331.36782023271144,230.9,9.75,0.00028538204190210097,1.2899088633858316e-05,23.536093617144356,False,False,False,False,False,False,False,False,False,False,9274800,reid,,,,2025-07-16,LABRADOR,False,1929,raw+reid,False,
S2C_MSIL1C_20250717T103051_N0511_R108_T32VNK_20250717T140955;10.68703600;57.8408940,2025-07-17 10:35:12.290000+00:00,57.840894,10.687036,assigned,IMO-9274800,0.8245995107404838,0.996629,3,plausible,79.23484799696395,542.6770123546572,228.4,10.86,0.0003273056562841211,1.479400961122971e-05,23.39447726818675,False,False,False,False,False,False,False,False,False,False,9274800,reid,,,,2025-07-17,LABRADOR,False,2228,raw+reid,False,
S2A_MSIL1C_20250718T105711_N0511_R094_T31UFA_20250718T133309;4.887793000;54.5750640,2025-07-18 11:06:10.143000+00:00,54.575064,4.887793,assigned,IMO-9274800,0.8087950208273789,0.99648,3,plausible,33.15002394116339,501.9168992649459,233.1,0.83,0.0002728978899488177,1.2334812824873814e-05,22.506497756295033,False,False,False,False,False,False,False,False,False,False,9274800,reid,,,,2025-07-18,LABRADOR,False,2289,raw+reid,False,
S2A_MSIL1C_20250726T102041_N0511_R065_T32SLG_20250726T143054;6.757026000;37.7317850,2025-07-26 10:30:49.939000+00:00,37.731785,6.757026,assigned,IMO-9274800,0.8233205892730133,0.996629,2,plausible,15.865991445159727,569.5038488409763,238.79999999999998,8.34,0.00024174460318546827,9.07920416740395e-06,26.812119011861874,False,False,False,False,False,False,False,False,False,False,9274800,reid,,,,2025-07-26,LABRADOR,False,1954,raw+reid,False,
S2A_MSIL1C_20250727T095101_N0511_R079_T33STB_20250727T103911;12.35847500;36.9677420,2025-07-27 10:00:45.495000+00:00,36.967742,12.358475,assigned,IMO-9274800,0.8233120441060606,0.996629,2,plausible,67.84194873790997,523.6821017582021,222.3,12.49,1.151974030780456e-05,1.3488985840435113e-05,0.7719226783668295,False,False,False,False,False,False,False,False,False,False,9274800,reid,,,,2025-07-27,LABRADOR,False,1526,raw+reid,False,
S2C_MSIL1C_20250807T081621_N0511_R121_T36RXQ_20250807T085638;34.69758800;26.7141940,2025-08-07 08:33:02.923000+00:00,26.714194,34.697588,assigned,IMO-9274800,0.814649514024385,0.99648,2,plausible,115.08504162525655,554.2353928358225,194.4,10.77,8.20998068145717e-05,4.664742265866928e-05,1.821153202311064,False,False,False,False,False,False,False,False,False,False,9274800,reid,,,,2025-08-07,LABRADOR,False,1728,raw+reid,False,
S2A_MSIL1C_20250811T072321_N0511_R006_T38PNU_20250811T092217;45.55168200;12.0067940,2025-08-11 07:36:39.397000+00:00,12.006794,45.551682,assigned,IMO-9274800,0.821107576383838,0.996629,2,plausible,123.8368317829141,596.2116822105868,213.1,10.85,2.959960673014501e-05,2.408976815790753e-05,1.236424393248738,False,False,False,False,False,False,False,False,False,False,9274800,reid,,,,2025-08-11,LABRADOR,False,3654,raw+reid,False,
S2B_MSIL1C_20250817T054639_N0511_R048_T42QWL_20250817T074153;69.89819300;22.6522650,2025-08-17 06:02:51.175000+00:00,22.652265,69.898193,assigned,IMO-9274800,0.8121715322241165,0.99648,3,plausible,4.317023695760571,13.080871511837817,261.90000000000003,0.67,1.840735741109793e-05,7.998186255626011e-07,3.7003585813832105,False,False,False,False,False,False,False,False,False,False,9274800,reid,,,,2025-08-17,LABRADOR,False,4325,raw+reid,False,
S2B_MSIL1C_20250822T063629_N0511_R120_T40QEF_20250822T083300;57.84501400;18.1049790,2025-08-22 06:54:22.509000+00:00,18.104979,57.845014,assigned,IMO-9274800,0.774246481499663,0.99648,6,plausible,96.22441559231684,600.2966794594257,204.8,10.95,3.111317539293315e-05,2.532159257064566e-05,1.2354684723186649,False,False,False,False,False,False,False,False,False,False,9274800,reid,,,,2025-08-22,LABRADOR,False,3773,raw+reid,False,
S2C_MSIL1C_20250828T074631_N0511_R135_T37QDD_20250828T094909;39.03632000;21.3834360,2025-08-28 08:04:29.848000+00:00,21.383436,39.03632,assigned,IMO-9274800,0.8008669623369578,0.99648,2,plausible,15.398366929638973,60.38578244895798,199.4,8.07,0.0003291438072020633,2.8734277592200304e-05,8.822197807745324,False,False,False,False,False,False,False,False,False,False,9274800,reid,,,,2025-08-28,LABRADOR,False,2429,raw+reid,False,
S2B_MSIL1C_20250911T031519_N0511_R118_T48NVH_20250911T065012;104.7522140;2.04923400,2025-09-11 03:37:27.818000+00:00,2.049234,104.752214,assigned,IMO-9274800,0.11333420848720266,0.593172,32,impossible_speed,8174.533485987579,8224.911807740824,291.4,2.09,4.3136759758373155e-09,0.0013618534223639486,4.136603184512904e-08,False,False,False,False,True,False,False,False,False,False,9274800,reid,,,,2025-09-11,LABRADOR,False,8666,raw+reid,True,fixed_infra_v2
S2B_MSIL1C_20260216T055819_N0512_R091_T42QWL_20260216T075002;69.20809800;22.6232090,2026-02-16 06:12:39.552000+00:00,22.623209,69.208098,assigned,IMO-9274800,0.9106969237327576,,2,,,,286.2,12.12,0.005387850540438589,0.008583066056468467,23.80158084397574,True,False,,,,,,,,,9274800,raw,IMO-9274800,0.9106969237327576,,2026-02-16,LABRADOR,False,4272,raw,False,
S2C_MSIL1C_20260226T082921_N0512_R021_T36RVT_20260226T120912;32.63636900;29.7329050,2026-02-26 08:42:04.858000+00:00,29.732905,32.636369,assigned,IMO-9274800,0.9016417264938354,,2,,,,267.8,0.11,0.006341672988727242,0.008224210817249207,9.953121562766333,True,False,,,,,,,,,9274800,raw,IMO-9274800,0.9016417264938354,,2026-02-26,LABRADOR,False,1353,raw,False,
S2A_MSIL1C_20260515T103041_N0512_R108_T31SDB_20260515T172520;2.601384000;37.4121980,2026-05-15 10:40:57.343000+00:00,37.412198,2.601384,assigned,IMO-9274800,0.8252940866584915,0.996629,1,plausible,81.96194084283643,590.4823783498836,204.20000000000002,9.1,1.8278077377395154e-05,,0.0001752777758682484,False,False,False,False,False,False,False,False,False,False,9274800,reid,,,,2026-05-15,LABRADOR,False,2311,raw+reid,False,
S2B_MSIL1C_20260519T114349_N0512_R123_T28TGR_20260519T151333;-11.0816290;45.0599670,2026-05-19 11:48:48.270000+00:00,45.059967,-11.081629,assigned,IMO-9274800,0.5824571129319942,0.948882,1,plausible,168.26610970431838,600.0841071406811,210.79999999999998,13.82,1.4247748952181886e-05,,0.1742460149868061,False,False,False,False,False,False,False,False,False,False,9274800,reid,,,,2026-05-19,LABRADOR,False,3241,raw+reid,False,
S2B_MSIL1C_20260602T094029_N0512_R036_T35VNG_20260602T113514;28.49171600;60.0058890,2026-06-02 09:40:29+00:00,60.005889,28.491716,assigned,IMO-9274800,0.9144309163093567,,3,,,,278.09999999999997,0.14,0.002999498024407821,0.0031221085639716365,4.776919210716912,True,False,,,,,,,,,9274800,raw,IMO-9274800,0.9144309163093567,,2026-06-02,LABRADOR,False,2052,raw,False,
S2C_MSIL1C_20260607T094031_N0512_R036_T35VNG_20260607T115314;28.63503500;59.9808420,2026-06-07 09:40:31+00:00,59.980842,28.635035,assigned,IMO-9274800,0.9133642911911011,,2,,,,210.79999999999998,0.16,0.022719400658960887,0.02035879724418778,4.354304314596016,True,False,,,,,,,,,9274800,raw,IMO-9274800,0.9133642911911011,,2026-06-07,LABRADOR,False,2049,raw,False,
S2B_MSIL1C_20260623T104619_N0512_R051_T30SWF_20260623T142422;-2.77454300;36.1746630,2026-06-23 11:01:03.350000+00:00,36.174663,-2.774543,assigned,IMO-9274800,0.9177204370498657,,2,,,,214.5,12.18,0.017217740258758753,0.06024412463726954,1.329654643451553,True,False,,,,,,,,,9274800,raw,IMO-9274800,0.9177204370498657,,2026-06-23,LABRADOR,False,2807,raw,False,
S2A_MSIL1C_20260623T105711_N0512_R094_T30SWF_20260623T161430;-2.73249900;36.1777320,2026-06-23 11:11:17.382000+00:00,36.177732,-2.732499,assigned,IMO-9274800,0.910616934299469,,2,,,,219.1,10.8,0.010859442909318234,0.041774256866669475,1.3275495597101081,True,False,,,,,,,,,9274800,raw,IMO-9274800,0.910616934299469,,2026-06-23,LABRADOR,False,2803,raw,False,
S2B_MSIL1C_20260701T082559_N0512_R021_T36RVT_20260701T120453;32.59805800;29.6938970,2026-07-01 08:42:00.668000+00:00,29.693897,32.598058,assigned,IMO-9274800,0.9094132781028748,,2,,,,263.29999999999995,2.64,0.00548170274348053,0.004491267164347902,4.574858586096769,True,False,,,,,,,,,9274800,raw,IMO-9274800,0.9094132781028748,,2026-07-01,LABRADOR,False,1356,raw,False,
S2C_MSIL1C_20260703T081601_N0512_R121_T36RWR_20260703T115820;33.85566500;27.6996530,2026-07-03 08:32:32.018000+00:00,27.699653,33.855665,assigned,IMO-9274800,0.907373309135437,,2,,,,186.20000000000002,10.62,0.006913965403907141,0.0003125068836217183,23.9377781082226,True,False,,,,,,,,,9274800,raw,IMO-9274800,0.907373309135437,,2026-07-03,LABRADOR,False,1600,raw,False,
S2B_MSIL1C_20260706T073609_N0512_R092_T37PHS_20260706T094819;42.05831700;14.6453460,2026-07-06 07:55:42.231000+00:00,14.645346,42.058317,assigned,IMO-9274800,0.905256450176239,,1,,,,247.0,6.83,0.06527414972692798,0.015851600887450145,3.985059692548715,True,False,,,,,,,,,9274800,raw,IMO-9274800,0.905256450176239,,2026-07-06,LABRADOR,False,3242,raw,False,
S2A_MSIL1C_20260707T072321_N0512_R006_T38PNU_20260707T110305;45.66089900;12.0426380,2026-07-07 07:36:41.053000+00:00,12.042638,45.660899,assigned,IMO-9274800,0.9097192883491516,,2,,,,189.20000000000002,11.2,0.14337234997812814,0.07423243027216261,1.9587694808542855,True,False,,,,,,,,,9274800,raw,IMO-9274800,0.9097192883491516,,2026-07-07,LABRADOR,False,3655,raw,False,
S2C_MSIL1C_20260710T062631_N0512_R077_T40QFG_20260710T100751;58.12747700;19.3742520,2026-07-10 06:44:07.392000+00:00,19.374252,58.127477,assigned,IMO-9274800,0.9168732166290283,,3,,,,237.5,0.16,0.0556116471075493,0.02674644930156196,2.296889209049405,True,False,,,,,,,,,9274800,raw,IMO-9274800,0.9168732166290283,,2026-07-10,LABRADOR,False,3685,raw,False,
S2B_MSIL1C_20260713T054639_N0512_R048_T42QWL_20260713T073939;69.66315400;22.5709340,2026-07-13 05:46:39+00:00,22.570934,69.663154,assigned,IMO-9274800,0.4858959612831768,0.911301,3,plausible,0.16711570687801142,0.17547927256802373,281.6,0.14,,,5.257572229406253,False,False,False,False,False,False,False,False,False,True,9274800,reid,,,,2026-07-13,LABRADOR,False,4312,raw+reid,True,not_in_pipe
S2B_MSIL1C_20260713T054639_N0512_R048_T42QWK_20260713T073939;69.66296000;22.5711150,2026-07-13 05:46:39+00:00,22.571115,69.66296,assigned,IMO-9274800,0.9035136103630066,,3,,,,282.2,0.18,0.0014870469344055364,0.003022792213152244,4.55720675975272,True,False,,,,,,,,,9274800,raw,IMO-9274800,0.9035136103630066,,2026-07-13,LABRADOR,False,4312,raw,False,
S2C_MSIL1C_20260723T063631_N0512_R120_T40QEE_20260723T100151;57.52782700;17.6888950,2026-07-23 06:54:36.140000+00:00,17.688895,57.527827,assigned,IMO-9274800,0.9053931832313538,,3,,,,186.70000000000002,9.46,0.006505081381923535,0.00029402558323791804,22.522125234878743,True,False,,,,,,,,,9274800,raw,IMO-9274800,0.9053931832313538,,2026-07-23,LABRADOR,False,3787,raw,False,
S2A_MSIL1C_20260729T080021_N0512_R035_T37QBF_20260729T114157;37.03547800;23.3875120,2026-07-29 08:00:21+00:00,23.387512,37.035478,assigned,IMO-9274800,0.7780545417855294,0.99648,2,plausible,717.5291359151832,547.019230327409,200.3,11.76,2.7711015421268803e-08,,6.158003426948623e-07,False,True,True,False,False,False,False,False,False,False,9274800,reid,,,,2026-07-29,LABRADOR,False,2151,raw+reid,False,
S2B_MSIL1C_20260731T082559_N0512_R021_T36RVT_20260731T120506;32.58636600;29.7219280,2026-07-31 08:25:59+00:00,29.721928,32.586366,assigned,IMO-9274800,0.9156702160835266,,2,,,,261.90000000000003,0.16,0.04497019714781207,,0.0015023521371079743,True,False,,,,,,,,,9274800,raw,IMO-9274800,0.9156702160835266,,2026-07-31,LABRADOR,False,1353,raw,False,
S2C_MSIL1C_20260805T082601_N0512_R021_T36RVT_20260805T120930;32.58595500;29.7212950,2026-08-05 08:26:01+00:00,29.721295,32.585955,assigned,IMO-9274800,0.9067849516868591,,2,,,,273.29999999999995,0.04,0.020835554892170267,0.005038277146671857,4.842556307104471,True,False,,,,,,,,,9274800,raw,IMO-9274800,0.9067849516868591,,2026-08-05,LABRADOR,False,1353,raw,False,
S2C_MSIL1C_20260814T085551_N0512_R007_T35TME_20260814T111012;25.87763600;39.8787720,2026-08-14 08:55:51+00:00,39.878772,25.877636,assigned,IMO-9274800,0.9002058506011963,,2,,,,222.7,10.95,0.07227189784080854,,1.6060421742401898,True,False,,,,,,,,,9274800,raw,IMO-9274800,0.9002058506011963,,2026-08-14,LABRADOR,False,329,raw,False,
S2B_MSIL1C_20260902T083559_N0512_R064_T36TWM_20260902T123343;33.53530800;42.1696840,2026-09-02 08:48:30.722000+00:00,42.169684,33.535308,assigned,IMO-9274800,0.7113227377637088,0.983666,3,plausible,366.86067119560596,373.70148543614647,208.0,12.7,0.0,,,False,True,True,False,False,False,False,False,False,False,9274800,reid,,,,2026-09-02,LABRADOR,False,374,raw+reid,False,
S2B_MSIL1C_20260903T080559_N0512_R078_T37TEF_20260903T114440;39.91956300;41.1555740,2026-09-03 08:05:59+00:00,41.155574,39.919563,assigned,IMO-9274800,0.7574778800088424,0.991075,3,impossible_speed,903.7434681395133,,239.4,11.68,4.62617471480263e-06,,,False,True,True,False,False,False,False,False,False,False,9274800,reid,,,,2026-09-03,LABRADOR,True,904,hunt+raw+reid,False,
S2B_MSIL1C_20260906T081559_N0512_R121_T37TEH_20260906T115442;40.07350700;42.9542650,2026-09-06 08:15:59+00:00,42.954265,40.073507,assigned,IMO-9274800,0.5106071981459337,0.936031,2,plausible,915.8971543585317,,209.7,0.08,0.0,,,False,True,True,False,False,False,False,False,False,False,9274800,reid,,,,2026-09-06,LABRADOR,True,916,raw+reid,False,
S2A_MSIL1C_20260906T082751_N0512_R021_T36RVT_20260906T121108;32.59984200;29.7131250,2026-09-06 08:27:51+00:00,29.713125,32.599842,novel,,0.14641259610652924,,28,,,,77.5,0.15,0.01507770227459257,,,True,False,,,,,,,,,9274800,raw,IMO-9274800,0.14641259610652924,,2026-09-06,LABRADOR,True,1354,raw,False,
S2A_MSIL1C_20260910T081641_N0512_R078_T37TFH_20260910T115336;41.08203000;42.6101480,2026-09-10 08:16:41+00:00,42.610148,41.08203,assigned,IMO-9274800,0.7459256482909495,0.989556,1,plausible,995.0678840805562,,198.79999999999998,9.57,0.0,,,False,True,True,False,False,False,False,False,False,False,9274800,reid,,,,2026-09-10,LABRADOR,True,995,raw+reid,False,
S2B_MSIL1C_20260912T083559_N0512_R064_T36TVM_20260912T123350;32.72473000;42.0342440,2026-09-12 08:35:59+00:00,42.034244,32.72473,assigned,IMO-9274800,0.5047976126534195,0.936031,2,no_ais_ping,,,228.0,10.52,0.0,,,False,True,True,False,False,False,False,False,False,False,9274800,reid,,,,2026-09-12,LABRADOR,False,305,raw+reid,False,
S2B_MSIL1C_20170809T105029_N0205_R051_T31UEV_20170809T105546;3.465413000;53.3165410,2017-08-09 10:55:46.550000+00:00,53.316541,3.465413,assigned,IMO-9323314/2006-07/2006-07,0.43220883660212905,0.896368,9,no_ais_ping,,,181.1,12.45,1.92395552015385e-05,,0.00011229402971041485,False,False,False,False,False,False,False,False,False,False,9323314,reid,,,,2017-08-09,MIMOZA,False,2319,raw+reid,False,
S2B_MSIL1C_20170821T113319_N0205_R080_T29TPN_20170821T113315;-7.58763100;46.9003170,2017-08-21 11:33:15.460000+00:00,46.900317,-7.587631,assigned,IMO-9323314/2006-07/2006-07,0.7293834073105643,0.988173,6,no_ais_ping,,,166.1,12.7,0.0009865789738303737,,0.006149839208336939,False,False,False,False,False,False,False,False,False,False,9323314,reid,,,,2017-08-21,MIMOZA,False,2962,raw+reid,False,
S2A_MSIL1C_20170928T114351_N0205_R123_T29ULP_20170928T114410;-10.9233330;48.4040290,2017-09-28 11:44:10.710000+00:00,48.404029,-10.923333,assigned,IMO-9323314/2006-07/2006-07,0.7189315617477874,0.985507,7,no_ais_ping,,,143.1,12.38,5.847884895184127e-05,,0.0005575337213674638,False,False,False,False,False,False,False,False,False,False,9323314,reid,,,,2017-09-28,MIMOZA,False,3208,raw+reid,False,
S2B_MSIL1C_20171029T170409_N0206_R069_T14RPP_20171029T203238;-97.0871920;26.0286140,2017-10-29 17:07:09.240000+00:00,26.028614,-97.087192,assigned,IMO-9323314/2006-07/2006-07,0.7042247827884651,0.98324,7,no_ais_ping,,,174.5,0.75,1.054941174996845e-06,,7.398599115734287e-06,False,True,True,False,False,False,False,False,False,False,9323314,reid,,,,2017-10-29,MIMOZA,False,10693,raw+reid,False,
S2A_MSIL1C_20171103T170451_N0206_R069_T14RPP_20171103T203803;-97.0887130;26.0334180,2017-11-03 17:15:57.290000+00:00,26.033418,-97.088713,assigned,IMO-9323314/2006-07/2006-07,0.6908773818769447,0.98324,10,no_ais_ping,,,175.0,0.44,0.0,,,False,True,True,False,False,False,False,False,False,False,9323314,reid,,,,2017-11-03,MIMOZA,False,10693,raw+reid,False,
S2A_MSIL1C_20180217T090031_N0206_R007_T35TNJ_20180217T125010;27.89948200;43.6690130,2018-02-17 09:02:16.690000+00:00,43.669013,27.899482,novel,,0.49873077869415283,,32,,,,90.19999999999999,12.14,0.0,,,False,True,,,,,,,,,9323314,raw,IMO-9323314/2006-07/2006-07,0.49873077869415283,,2018-02-17,MIMOZA,False,266,raw,False,
S2B_MSIL1C_20180303T161339_N0206_R140_T16QDH_20180303T193032;-87.2720810;20.4198360,2018-03-03 16:24:34.680000+00:00,20.419836,-87.272081,assigned,IMO-9323314/2006-07/2006-07,0.011404903352577378,0.346873,9,no_ais_ping,,,132.3,0.34,0.0,,,False,True,False,True,False,False,False,False,False,False,9323314,reid,,,,2018-03-03,MIMOZA,False,10527,raw+reid,True,vessel_filter
S2A_MSIL1C_20180424T105651_N0206_R094_T31UFB_20180424T144855;5.513056000;54.9634600,2018-04-24 10:56:53.460000+00:00,54.96346,5.513056,assigned,IMO-9323314/2006-07/2006-07,0.6990231547230792,0.98324,8,no_ais_ping,,,188.6,11.86,4.349933833576402e-05,,0.00025388923705830076,False,False,False,False,False,False,False,False,False,False,9323314,reid,,,,2018-04-24,MIMOZA,False,2287,raw+reid,False,
S2B_MSIL1C_20180617T150719_N0206_R082_T19QFA_20180617T164831;-67.9562540;18.0859310,2018-06-17 15:07:18.460000+00:00,18.085931,-67.956254,novel,,0.09234333038330078,,6,,,,99.80000000000001,0.34,1.2393042321295148e-06,,2.7540094047322553e-05,False,True,,,,,,,,,9323314,raw,IMO-9323314/2006-07/2006-07,0.09234333038330078,,2018-06-17,MIMOZA,False,9257,raw,False,
S2B_MSIL1C_20180723T165049_N0206_R026_T15RTN_20180723T215520;-95.0203640;29.7302550,2018-07-23 16:54:24.320000+00:00,29.730255,-95.020364,assigned,IMO-9323314/2006-07/2006-07,0.116506552781805,0.593172,32,no_ais_ping,,,124.80000000000001,0.18,0.00017631204461989995,,0.003918045435997777,False,False,False,True,False,False,False,False,False,False,9323314,reid,,,,2018-07-23,MIMOZA,False,10244,raw+reid,True,vessel_filter
S2A_MSIL1C_20180814T163901_N0206_R126_T15QVF_20180814T203809;-93.4227540;23.4955750,2018-08-14 16:50:18.330000+00:00,23.495575,-93.422754,assigned,IMO-9323314/2006-07/2006-07,0.7328729499859747,0.988173,2,no_ais_ping,,,177.3,9.88,4.805830747945011e-08,,2.8049822105544705e-07,False,True,True,False,False,False,False,False,False,False,9323314,reid,,,,2018-08-14,MIMOZA,False,10684,raw+reid,False,
S2B_MSIL1C_20180901T165119_N0206_R026_T15RTH_20180901T221317;-94.9712580;24.8690130,2018-09-01 17:05:40.320000+00:00,24.869013,-94.971258,assigned,IMO-9323314/2006-07/2006-07,0.7610265000293737,0.991075,2,no_ais_ping,,,168.79999999999998,12.54,4.503404452386506e-07,,4.3185434657677615e-06,False,True,True,False,False,False,False,False,False,False,9323314,reid,,,,2018-09-01,MIMOZA,False,10664,raw+reid,False,
S2B_MSIL1C_20180907T154539_N0206_R111_T18QUM_20180907T203747;-76.4707110;24.2612190,2018-09-07 15:45:40.460000+00:00,24.261219,-76.470711,assigned,IMO-9323314/2006-07/2006-07,0.013164242475758758,0.346873,7,no_ais_ping,,,78.3,0.29,4.846630387430424e-10,3.964111138241825e-05,2.9589219442046545e-08,False,True,False,True,False,False,False,False,False,False,9323314,reid,,,,2018-09-07,MIMOZA,False,9445,raw+reid,True,vessel_filter
S2A_MSIL1C_20180916T164921_N0206_R026_T15RUN_20180916T204537;-94.4249710;28.8685350,2018-09-16 17:01:03.370000+00:00,28.868535,-94.424971,assigned,IMO-9323314/2006-07/2006-07,0.7503548176848795,0.991075,2,no_ais_ping,,,189.1,12.51,0.00023691886856418918,,0.0016615786481791464,False,False,False,False,False,False,False,False,False,False,9323314,reid,,,,2018-09-16,MIMOZA,False,10283,raw+reid,False,
S2A_MSIL1C_20180930T163101_N0206_R083_T16RCU_20180930T200915;-88.5797360;30.1088080,2018-09-30 16:42:20.930000+00:00,30.108808,-88.579736,assigned,IMO-9323314/2006-07/2006-07,0.7430664469597588,0.989556,4,no_ais_ping,,,181.70000000000002,3.85,0.00023592039800655426,,0.0013769784127297504,False,False,False,False,False,False,False,False,False,False,9323314,reid,,,,2018-09-30,MIMOZA,False,9813,raw+reid,False,
S2A_MSIL1C_20181120T011721_N0207_R088_T53LMG_20181120T024904;134.3254870;-12.659671,2018-11-20 01:20:35.430000+00:00,-12.659671,134.325487,novel,,0.27119919657707214,,9,,,,105.0,0.37,0.0,,,False,True,,,,,,,,,9323314,raw,IMO-9323314/2006-07/2006-07,0.27119919657707214,,2018-11-20,MIMOZA,False,12195,raw,False,
S2B_MSIL1C_20181123T153619_N0207_R068_T18QXL_20181123T185301;-73.5932200;22.5861970,2018-11-23 15:36:43.040000+00:00,22.586197,-73.59322,novel,,0.2000119537115097,,6,,,,101.1,0.93,0.0,,,False,True,,,,,,,,,9323314,raw,IMO-9323314/2006-07/2006-07,0.2000119537115097,,2018-11-23,MIMOZA,False,9358,raw,False,
S2B_MSIL1C_20181210T165659_N0207_R026_T15RUN_20190224T112208;-94.5182270;29.1537660,2018-12-10 17:05:30+00:00,29.153766,-94.518227,assigned,IMO-9323314/2006-07/2006-07,0.7614699117631147,0.991075,5,no_ais_ping,,,187.7,0.76,1.7724519549550927e-08,,2.42154417931783e-07,False,True,True,False,False,False,False,False,False,False,9323314,reid,,,,2018-12-10,MIMOZA,False,10264,raw+reid,False,
S2B_MSIL1C_20181219T155519_N0207_R011_T17RQL_20181219T185500;-78.2623560;27.7436190,2018-12-19 15:55:33.250000+00:00,27.743619,-78.262356,assigned,IMO-9323314/2006-07/2006-07,0.7772897088093522,0.99648,5,no_ais_ping,,,181.70000000000002,10.31,9.560041986110623e-07,,5.57983605949099e-06,False,True,True,False,False,False,False,False,False,False,9323314,reid,,,,2018-12-19,MIMOZA,False,9306,raw+reid,False,
S2A_MSIL1C_20190111T164641_N0207_R126_T15RYN_20190111T184200;-90.1241320;28.8355540,2019-01-11 16:55:23.030000+00:00,28.835554,-90.124132,assigned,IMO-9323314/2006-07/2006-07,0.7486463834809456,0.991075,6,no_ais_ping,,,196.4,0.19,0.00044722999740322885,,0.01847162974712939,False,False,False,False,False,False,False,False,False,False,9323314,reid,,,,2019-01-11,MIMOZA,False,10018,raw+reid,False,
S2B_MSIL1C_20190422T165849_N0207_R069_T15RUN_20190422T220939;-95.0244000;29.7304640,2019-04-22 17:15:35+00:00,29.730464,-95.0244,assigned,IMO-9323314/2006-07/2006-07,0.2428848753670536,0.76217,32,no_ais_ping,,,117.6,0.97,7.914986855612028e-05,,0.001758885967913784,False,False,False,True,False,False,False,False,False,False,9323314,reid,,,,2019-04-22,MIMOZA,False,10244,raw+reid,True,vessel_filter
S2A_MSIL1C_20190524T164901_N0207_R026_T15RUN_20190524T202951;-94.9174770;29.3624900,2019-05-24 17:05:40+00:00,29.36249,-94.917477,assigned,IMO-9323314/2006-07/2006-07,0.01970401750663986,0.383846,22,no_ais_ping,,,154.70000000000002,0.3,9.344666881905854e-09,0.0028329410689478724,5.824997319380642e-08,False,False,False,False,False,False,False,False,False,False,9323314,reid,,,,2019-05-24,MIMOZA,False,10270,raw+reid,False,
S2A_MSIL1C_20191213T170711_N0208_R069_T14RPP_20191213T202702;-97.2485190;26.1719340,2019-12-13 17:16:36.459000+00:00,26.171934,-97.248519,assigned,IMO-9323314/2006-07/2006-07,0.011788635328614294,0.346873,32,no_ais_ping,,,112.30000000000001,13.22,5.5680227695490015e-05,2.516711238767861e-06,22.38635386545561,False,False,False,False,False,False,False,False,False,False,9323314,reid,,,,2019-12-13,MIMOZA,False,10691,raw+reid,False,
S2A_MSIL1C_20200321T105021_N0209_R051_T31UFA_20200321T125640;5.357468000;54.8810910,2020-03-21 10:55:50.480000+00:00,54.881091,5.357468,assigned,IMO-9323314/2006-07/2006-07,0.7993031777164106,0.99648,2,no_ais_ping,,,190.2,7.94,3.2990991471554423e-06,,2.3137510044516932e-05,False,True,True,False,False,False,False,False,False,False,9323314,reid,,,,2020-03-21,MIMOZA,False,2290,raw+reid,False,
S2A_MSIL1C_20201024T154331_N0209_R011_T18TXR_20201024T200621;-72.5869820;45.9550550,2020-10-24 15:50:40.150000+00:00,45.955055,-72.586982,novel,,0.14466255903244019,,13,,,,102.10000000000001,2.67,0.0,,,False,True,,,,,,,,,9323314,raw,IMO-9323314/2006-07/2006-07,0.14466255903244019,,2020-10-24,MIMOZA,False,7593,raw,False,
S2B_MSIL1C_20210117T124319_N0209_R009_T25LBL_20210117T130624;-35.5355880;-8.3909010,2021-01-17 12:44:24.169000+00:00,-8.390901,-35.535588,novel,,0.1598828285932541,,11,,,,95.3,0.91,0.0,,,False,True,,,,,,,,,9323314,raw,IMO-9323314/2006-07/2006-07,0.1598828285932541,,2021-01-17,MIMOZA,False,8591,raw,False,
S2A_MSIL1C_20221124T020441_N0400_R017_T51MWQ_20221124T040727;123.5971200;-5.4711250,2022-11-24 02:09:00.783000+00:00,-5.471125,123.59712,novel,,0.2851821482181549,,13,,,,105.5,0.38,0.0,,,False,True,,,,,,,,,9323314,raw,IMO-9323314/2006-07/2006-07,0.2851821482181549,,2022-11-24,MIMOZA,False,10781,raw,False,
S2A_MSIL1C_20230123T152641_N0509_R025_T18QYF_20230123T170314;-72.1196450;18.2088360,2023-01-23 15:27:56.910000+00:00,18.208836,-72.119645,novel,,0.16336971521377563,,23,,,,120.9,0.5,0.0,,,False,True,,,,,,,,,9323314,raw,IMO-9323314/2006-07/2006-07,0.16336971521377563,,2023-01-23,MIMOZA,False,9575,raw,False,
S2A_MSIL1C_20230225T120401_N0509_R066_T28VFK_20230225T153957;-11.8685790;58.4194990,2023-02-25 12:05:23.870000+00:00,58.419499,-11.868579,assigned,IMO-9323314/2006-07/2006-07,0.06114058482624252,0.480325,4,no_ais_ping,,,58.6,3.51,0.0,,,False,True,False,True,False,False,False,False,False,False,9323314,reid,,,,2023-02-25,MIMOZA,False,3409,raw+reid,True,vessel_filter
S2A_MSIL1C_20230415T022531_N0509_R046_T50PPQ_20230415T044915;118.6524560;8.47832600,2023-04-15 02:45:21.839000+00:00,8.478326,118.652456,novel,,0.2436196506023407,,32,,,,147.7,6.17,0.0,,,False,True,,,,,,,,,9323314,raw,IMO-9323314/2006-07/2006-07,0.2436196506023407,,2023-04-15,MIMOZA,False,9345,raw,False,
S2A_MSIL1C_20230426T153621_N0509_R068_T18QWF_20230426T203818;-74.8734630;18.5292410,2023-04-26 15:38:02.406000+00:00,18.529241,-74.873463,novel,,0.10780338197946548,,10,,,,130.6,1.99,0.0,,,False,True,,,,,,,,,9323314,raw,IMO-9323314/2006-07/2006-07,0.10780338197946548,,2023-04-26,MIMOZA,False,9763,raw,False,
S2A_MSIL1C_20240108T002701_N0510_R016_T55LEK_20240108T012410;147.3880610;-9.9619910,2024-01-08 00:29:32.005000+00:00,-9.961991,147.388061,novel,,0.45117127895355225,,16,,,,109.1,7.46,0.0,,,False,True,,,,,,,,,9323314,raw,IMO-9323314/2006-07/2006-07,0.45117127895355225,,2024-01-08,MIMOZA,False,13081,raw,False,
S2A_MSIL1C_20240214T114351_N0510_R123_T30VWM_20240214T115846;-1.14115000;60.3375860,2024-02-14 11:44:32.586000+00:00,60.337586,-1.14115,novel,,0.08672403544187546,,16,,,,81.7,2.2,9.088143447730393e-08,1.1315496233045234e-06,0.006089845642441385,False,False,,,,,,,,,9323314,raw,IMO-9323314/2006-07/2006-07,0.08672403544187546,,2024-02-14,MIMOZA,False,2937,raw,False,
S2A_MSIL1C_20240309T094031_N0510_R036_T33SWT_20240309T103432;15.84373600;33.3631520,2024-03-09 09:51:18.753000+00:00,33.363152,15.843736,assigned,IMO-9323314/2006-07/2006-07,0.0199452828718929,0.383846,32,no_ais_ping,,,91.0,7.28,0.0,,,False,True,False,True,False,False,False,False,False,False,9323314,reid,,,,2024-03-09,MIMOZA,False,1476,raw+reid,True,vessel_filter
S2A_MSIL1C_20240606T082611_N0510_R021_T36RVV_20240606T103032;32.30682600;31.5321220,2024-06-06 08:41:39.946000+00:00,31.532122,32.306826,assigned,IMO-9323314/2006-07/2006-07,0.8513214812321621,0.996629,1,no_ais_ping,,,167.7,0.97,0.0,,,False,True,True,False,False,False,False,False,False,False,9323314,reid,,,,2024-06-06,MIMOZA,False,1139,raw+reid,False,
S2B_MSIL1C_20240611T082609_N0510_R021_T36RVV_20240611T103040;32.30682800;31.5318510,2024-06-11 08:41:37.780000+00:00,31.531851,32.306828,assigned,IMO-9323314/2006-07/2006-07,0.8455303315793437,0.996629,1,no_ais_ping,,,177.7,4.05,0.0,,,False,True,True,False,False,False,False,False,False,False,9323314,reid,,,,2024-06-11,MIMOZA,False,1139,raw+reid,False,
S2B_MSIL1C_20240701T082609_N0510_R021_T36TXP_20240701T101411;35.18472700;43.7634060,2024-07-01 08:38:08.339000+00:00,43.763406,35.184727,assigned,IMO-9323314/2006-07/2006-07,0.8000429509024833,0.99648,1,no_ais_ping,,,165.5,11.06,0.0001386006942486047,,0.0008089599949063456,False,False,False,False,False,False,False,False,False,False,9323314,reid,,,,2024-07-01,MIMOZA,False,557,raw+reid,False,
S2A_MSIL1C_20240702T084601_N0510_R107_T36TTM_20240702T093805;29.57544500;41.9451910,2024-07-02 08:58:45.170000+00:00,41.945191,29.575445,assigned,IMO-9323314/2006-07/2006-07,0.8385019389970161,0.996629,1,no_ais_ping,,,190.5,11.84,1.6996677957343045e-06,,3.777039546076232e-05,False,True,True,False,False,False,False,False,False,False,9323314,reid,,,,2024-07-02,MIMOZA,False,65,raw+reid,False,
S2A_MSIL1C_20240726T222541_N0511_R029_T59HQS_20240727T023431;173.4135350;-39.385668,2024-07-26 22:27:04.353000+00:00,-39.385668,173.413535,novel,,0.6363638639450073,,4,,,,55.7,6.11,0.0,,,False,True,,,,,,,,,9323314,raw,IMO-9323314/2006-07/2006-07,0.6363638639450073,,2024-07-26,MIMOZA,False,17004,raw,False,
S2C_MSIL1C_20250211T083121_N0511_R021_T36TYQ_20250211T104145;36.54974100;45.0162250,2025-02-11 08:38:12.349000+00:00,45.016225,36.549741,assigned,IMO-9323314/2006-07/2006-07,0.7823347686068018,0.99648,3,no_ais_ping,,,221.6,0.07,9.747771961709967e-08,,2.7736110624351807e-06,False,True,True,False,False,False,False,False,False,False,9323314,reid,,,,2025-02-11,MIMOZA,False,719,raw+reid,False,
S2C_MSIL1C_20250221T083011_N0511_R021_T37TCK_20250221T122824;36.54848300;45.0154910,2025-02-21 08:38:05.396000+00:00,45.015491,36.548483,assigned,IMO-9323314/2006-07/2006-07,0.7491508629555881,0.991075,3,no_ais_ping,,,203.29999999999998,0.04,0.0,,,False,True,True,False,False,False,False,False,False,False,9323314,reid,,,,2025-02-21,MIMOZA,False,719,raw+reid,False,
S2B_MSIL1C_20250226T082819_N0511_R021_T36TYQ_20250226T091017;36.55033500;45.0155760,2025-02-26 08:37:50.088000+00:00,45.015576,36.550335,assigned,IMO-9323314/2006-07/2006-07,0.7477920620302214,0.991075,3,no_ais_ping,,,215.5,0.02,0.0,,,False,True,True,False,False,False,False,False,False,False,9323314,reid,,,,2025-02-26,MIMOZA,False,719,raw+reid,False,
S2B_MSIL1C_20250326T160829_N0511_R140_T16QDH_20250326T205336;-87.0675190;20.6147650,2025-03-26 16:27:57.899000+00:00,20.614765,-87.067519,novel,,0.0955381914973259,,2,,,,118.4,0.58,6.375671980022925e-06,,0.00012579636197041638,False,False,,,,,,,,,9323314,raw,IMO-9323314/2006-07/2006-07,0.0955381914973259,,2025-03-26,MIMOZA,False,10496,raw,False,
S2A_MSIL1C_20250413T090411_N0511_R007_T36TVT_20250413T110652;31.99249300;47.6687420,2025-04-13 09:07:16.339000+00:00,47.668742,31.992493,novel,,0.6062455177307129,,32,,,,60.9,8.24,0.0,,,False,True,,,,,,,,,9323314,raw,IMO-9323314/2006-07/2006-07,0.6062455177307129,,2025-04-13,MIMOZA,False,727,raw,False,
S2A_MSIL1C_20250531T082021_N0511_R121_T37TEJ_20250531T091517;39.09704400;44.0413040,2025-05-31 08:28:10.305000+00:00,44.041304,39.097044,assigned,IMO-9323314/2006-07/2006-07,0.8275028620414595,0.996629,1,no_ais_ping,,,224.20000000000002,0.5,3.1547696733478895e-07,,1.3029925917740737e-05,False,True,True,False,False,False,False,False,False,False,9323314,reid,,,,2025-05-31,MIMOZA,False,862,raw+reid,False,
S2C_MSIL1C_20250624T083621_N0511_R064_T36TWP_20250624T103959;34.22063100;43.3933890,2025-06-24 08:48:24.498000+00:00,43.393389,34.220631,assigned,IMO-9323314/2006-07/2006-07,0.8304327161924085,0.996629,1,no_ais_ping,,,170.3,11.27,3.2749297332853995e-07,,6.473851887691907e-06,False,True,True,False,False,False,False,False,False,False,9323314,reid,,,,2025-06-24,MIMOZA,False,469,raw+reid,False,
S2B_MSIL1C_20250910T202929_N0511_R114_T10WDC_20250910T222950;-125.164452;69.4989440,2025-09-10 20:35:14.503000+00:00,69.498944,-125.164452,novel,,0.06706815958023071,,24,,,,55.8,0.92,2.2096342841700745e-05,,0.0004910298409266832,False,False,,,,,,,,,9323314,raw,IMO-9323314/2006-07/2006-07,0.06706815958023071,,2025-09-10,MIMOZA,False,7499,raw,False,
S2C_MSIL1C_20251227T155531_N0511_R011_T18RUN_20251227T173655;-76.1009430;25.1389360,2025-12-27 15:56:25.904000+00:00,25.138936,-76.100943,novel,,0.17799270153045654,,9,,,,118.80000000000001,0.38,2.537205154659347e-08,,2.4189556687664556e-07,False,True,,,,,,,,,9323314,raw,IMO-9323314/2006-07/2006-07,0.17799270153045654,,2025-12-27,MIMOZA,False,9351,raw,False,
S2B_MSIL1C_20260112T083219_N0511_R021_T36SVA_20260112T104016;32.49168300;32.4168450,2026-01-12 08:41:17.244000+00:00,32.416845,32.491683,novel,,0.1268502175807953,,2,,,,153.7,9.7,0.049183267852280145,0.004293702753736938,10.46532805210554,True,False,,,,,,,,,9323314,raw,IMO-9323314/2006-07/2006-07,0.1268502175807953,,2026-01-12,MIMOZA,False,1048,raw,False,
S2B_MSIL1C_20260213T090959_N0512_R050_T35SLD_20260213T111502;25.35763600;39.1118690,2026-02-13 09:19:26.325000+00:00,39.111869,25.357636,assigned,IMO-9323314/2006-07/2006-07,0.7555890268825571,0.991075,3,no_ais_ping,,,185.9,10.38,7.96460578153875e-06,0.007443225368647059,0.0011051073480022227,False,False,False,False,False,False,False,False,False,False,9323314,reid,,,,2026-02-13,MIMOZA,False,413,raw+reid,False,
S2C_MSIL1C_20260216T083031_N0512_R021_T36RVV_20260216T104006;32.35395300;31.5413000,2026-02-16 08:41:36.531000+00:00,31.5413,32.353953,assigned,IMO-9323314/2006-07/2006-07,0.7228307104857095,0.987741,2,no_ais_ping,,,201.9,0.11,2.2008184691035707e-06,,2.110476711469157e-05,False,True,True,False,False,False,False,False,False,False,9323314,reid,,,,2026-02-16,MIMOZA,False,1139,raw+reid,False,
S2C_MSIL1C_20260304T084841_N0512_R107_T35TPF_20260304T123029;28.97061700;40.8127110,2026-03-04 08:58:59.472000+00:00,40.812711,28.970617,assigned,IMO-9323314/2006-07/2006-07,0.879102349281311,,3,,,,219.20000000000002,0.12,0.014263267521416309,0.0012451842609956351,9.264260123471583,True,False,,,,,,,,,9323314,raw,IMO-9323314/2006-07/2006-07,0.879102349281311,,2026-03-04,MIMOZA,False,73,raw,False,
S2A_MSIL1C_20260306T084751_N0512_R107_T35TPF_20260306T123102;29.02683400;40.7783180,2026-03-06 08:59:18.229000+00:00,40.778318,29.026834,assigned,IMO-9323314/2006-07/2006-07,0.8943965435028076,,3,,,,196.70000000000002,0.13,0.02865481553257802,0.002501567417797154,8.973404323906923,True,False,,,,,,,,,9323314,raw,IMO-9323314/2006-07/2006-07,0.8943965435028076,,2026-03-06,MIMOZA,False,76,raw,False,
S2C_MSIL1C_20260307T085831_N0512_R007_T35TPF_20260307T110530;28.96859000;40.7722100,2026-03-07 09:08:56.475000+00:00,40.77221,28.96859,assigned,IMO-9323314/2006-07/2006-07,0.8936475515365601,,2,,,,195.2,0.08,0.020933251786251505,0.001990923668928474,4.454225119779022,True,False,,,,,,,,,9323314,raw,IMO-9323314/2006-07/2006-07,0.8936475515365601,,2026-03-07,MIMOZA,False,77,raw,False,
S2C_MSIL1C_20260312T080731_N0512_R078_T37TEH_20260312T101921;39.65024200;43.2150820,2026-03-12 08:18:13.069000+00:00,43.215082,39.650242,assigned,IMO-9323314/2006-07/2006-07,0.6618485381077761,0.978634,3,no_ais_ping,,,186.9,2.38,0.0,,,False,True,True,False,False,False,False,False,False,False,9323314,reid,,,,2026-03-12,MIMOZA,False,885,raw+reid,False,
S2A_MSIL1C_20260314T081641_N0512_R078_T37TEH_20260314T101307;39.56433800;43.2718180,2026-03-14 08:18:31.982000+00:00,43.271818,39.564338,assigned,IMO-9323314/2006-07/2006-07,0.7772642562759735,0.99648,4,no_ais_ping,,,194.1,0.37,1.2621746861244436e-06,,2.804832635832097e-05,False,True,True,False,False,False,False,False,False,False,9323314,reid,,,,2026-03-14,MIMOZA,False,880,raw+reid,False,
S2B_MSIL1C_20260317T080559_N0512_R078_T37TEH_20260317T101804;39.57693000;43.2220490,2026-03-17 08:18:07.393000+00:00,43.222049,39.57693,assigned,IMO-9323314/2006-07/2006-07,0.624395826654311,0.969116,3,no_ais_ping,,,190.9,0.16,9.312469966487014e-07,,2.6497511245752178e-05,False,True,True,False,False,False,False,False,False,False,9323314,reid,,,,2026-03-17,MIMOZA,False,880,raw+reid,False,
S2A_MSIL1C_20260317T082031_N0512_R121_T37TEH_20260317T102226;39.57754700;43.2221360,2026-03-17 08:28:28.395000+00:00,43.222136,39.577547,novel,,0.27558109164237976,,9,,,,184.7,0.07,1.4348115471536256e-06,,2.8363226693429517e-05,False,True,,,,,,,,,9323314,raw,IMO-9323314/2006-07/2006-07,0.27558109164237976,,2026-03-17,MIMOZA,False,880,raw,False,
S2C_MSIL1C_20260328T082601_N0512_R021_T37TCK_20260328T121042;36.86999800;44.8566660,2026-03-28 08:37:44.784000+00:00,44.856666,36.869998,assigned,IMO-9323314/2006-07/2006-07,0.7903394678685736,0.99648,2,no_ais_ping,,,157.79999999999998,3.89,0.0,,,False,True,True,False,False,False,False,False,False,False,9323314,reid,,,,2026-03-28,MIMOZA,False,732,raw+reid,False,
S2B_MSIL1C_20260410T160819_N0512_R140_T16QDH_20260410T195107;-87.0082090;20.6680000,2026-04-10 16:27:53.768000+00:00,20.668,-87.008209,novel,,0.35278570652008057,,6,,,,94.1,0.3,0.0,,,False,True,,,,,,,,,9323314,raw,IMO-9323314/2006-07/2006-07,0.35278570652008057,,2026-04-10,MIMOZA,False,10488,raw,False,
S2C_MSIL1C_20260414T081601_N0512_R121_T37TBF_20260414T115927;36.41709800;41.3038370,2026-04-14 08:28:46.115000+00:00,41.303837,36.417098,assigned,IMO-9323314/2006-07/2006-07,0.8887825608253479,,2,,,,219.20000000000002,0.19,0.01208382954058721,0.0004718436645961777,7.848674224444041,True,False,,,,,,,,,9323314,raw,IMO-9323314/2006-07/2006-07,0.8887825608253479,,2026-04-14,MIMOZA,False,607,raw,False,
S2C_MSIL1C_20260424T081601_N0512_R121_T37TCG_20260424T115938;37.69242800;42.1624900,2026-04-24 08:28:30.121000+00:00,42.16249,37.692428,assigned,IMO-9323314/2006-07/2006-07,0.7586355172360726,0.991075,3,no_ais_ping,,,184.20000000000002,0.13,1.2084384313564694e-08,,1.0820829382150004e-05,False,True,True,False,False,False,False,False,False,False,9323314,reid,,,,2026-04-24,MIMOZA,False,713,raw+reid,False,
S2C_MSIL1C_20260427T082601_N0512_R021_T37TCH_20260427T120919;36.66905300;43.1361810,2026-04-27 08:38:12.151000+00:00,43.136181,36.669053,assigned,IMO-9323314/2006-07/2006-07,0.7836279698280428,0.99648,9,no_ais_ping,,,147.20000000000002,0.45,5.473082468473851e-06,,3.838426641344487e-05,False,True,True,False,False,False,False,False,False,False,9323314,reid,,,,2026-04-27,MIMOZA,False,647,raw+reid,False,
S2A_MSIL1C_20260509T083521_N0512_R021_T36TYQ_20260509T121303;36.47894600;44.3300050,2026-05-09 08:37:59.801000+00:00,44.330005,36.478946,assigned,IMO-9323314/2006-07/2006-07,0.7988105109777308,0.99648,2,no_ais_ping,,,191.20000000000002,12.59,4.070479065214462e-06,,2.375785158735182e-05,False,True,True,False,False,False,False,False,False,False,9323314,reid,,,,2026-05-09,MIMOZA,False,678,raw+reid,False,
S2B_MSIL1C_20260511T155519_N0512_R011_T17QPA_20260511T192350;-79.9284090;18.8286150,2026-05-11 15:58:07.719000+00:00,18.828615,-79.928409,novel,,0.5526949763298035,,32,,,,90.19999999999999,1.52,0.0,,,False,True,,,,,,,,,9323314,raw,IMO-9323314/2006-07/2006-07,0.5526949763298035,,2026-05-11,MIMOZA,False,10123,raw,False,
S2C_MSIL1C_20260517T082601_N0512_R021_T36TYQ_20260517T121002;36.55286400;45.0174780,2026-05-17 08:37:46.140000+00:00,45.017478,36.552864,assigned,IMO-9323314/2006-07/2006-07,0.7594355090242573,0.991075,3,no_ais_ping,,,213.6,0.05,0.0,,,False,True,True,False,False,False,False,False,False,False,9323314,reid,,,,2026-05-17,MIMOZA,False,719,raw+reid,False,
S2C_MSIL1C_20260527T082601_N0512_R021_T36TYQ_20260527T120938;36.55298000;45.0172940,2026-05-27 08:37:43.773000+00:00,45.017294,36.55298,assigned,IMO-9323314/2006-07/2006-07,0.7712130311249155,0.991639,2,no_ais_ping,,,220.2,0.18,0.0,,,False,True,True,False,False,False,False,False,False,False,9323314,reid,,,,2026-05-27,MIMOZA,False,719,raw+reid,False,
S2A_MSIL1C_20260529T083531_N0512_R021_T36TYQ_20260529T121111;36.79552800;44.8522160,2026-05-29 08:38:03.250000+00:00,44.852216,36.795528,assigned,IMO-9323314/2006-07/2006-07,0.3971389174111195,0.864067,3,no_ais_ping,,,194.7,0.22,0.0,,,False,True,True,False,False,False,False,False,False,False,9323314,reid,,,,2026-05-29,MIMOZA,False,727,raw+reid,False,
S2B_MSIL1C_20260601T082559_N0512_R021_T36TYQ_20260601T120435;36.79362000;44.8539900,2026-06-01 08:25:59+00:00,44.85399,36.79362,assigned,IMO-9323314/2006-07/2006-07,0.7668945235138267,0.991075,2,no_ais_ping,,,203.79999999999998,0.13,,,,False,True,False,False,False,False,False,False,False,True,9323314,reid,,,,2026-06-01,MIMOZA,False,727,raw+reid,True,not_in_pipe
S2B_MSIL1C_20260601T082559_N0512_R021_T37TCK_20260601T120435;36.79326800;44.8542180,2026-06-01 08:25:59+00:00,44.854218,36.793268,assigned,IMO-9323314/2006-07/2006-07,0.7867484078872025,0.99648,4,no_ais_ping,,,188.0,0.19,0.0,,,False,True,True,False,False,False,False,False,False,False,9323314,reid,,,,2026-06-01,MIMOZA,False,726,raw+reid,False,
S2C_MSIL1C_20260606T082601_N0512_R021_T36TYQ_20260606T120934;36.80225400;44.8429000,2026-06-06 08:37:45.585000+00:00,44.8429,36.802254,assigned,IMO-9323314/2006-07/2006-07,0.8128413360498818,0.99648,4,no_ais_ping,,,193.1,4.96,0.0,,,False,True,True,False,False,False,False,False,False,False,9323314,reid,,,,2026-06-06,MIMOZA,False,727,raw+reid,False,
S2B_MSIL1C_20260611T082559_N0512_R021_T37TCH_20260611T120226;37.48198400;42.7287870,2026-06-11 08:38:09.215000+00:00,42.728787,37.481984,assigned,IMO-9323314/2006-07/2006-07,0.7894955245342103,0.99648,2,no_ais_ping,,,228.29999999999998,0.6,2.7194003163062544e-07,,7.737725944066537e-06,False,True,True,False,False,False,False,False,False,False,9323314,reid,,,,2026-06-11,MIMOZA,False,703,raw+reid,False,
S2B_MSIL1C_20260618T081559_N0512_R121_T36TYM_20260618T115453;36.49441400;41.5713510,2026-06-18 08:15:59+00:00,41.571351,36.494414,assigned,IMO-9323314/2006-07/2006-07,0.7702830041975872,0.991075,9,no_ais_ping,,,229.1,0.04,,,1.0254937644596788e-05,False,True,False,False,False,False,False,False,False,True,9323314,reid,,,,2026-06-18,MIMOZA,False,613,raw+reid,True,not_in_pipe
S2B_MSIL1C_20260618T081559_N0512_R121_T37TBG_20260618T115453;36.49486300;41.5710680,2026-06-18 08:15:59+00:00,41.571068,36.494863,assigned,IMO-9323314/2006-07/2006-07,0.8297354074865382,0.996629,9,no_ais_ping,,,225.0,0.15,4.639007416700284e-07,,1.0308905370445076e-05,False,True,True,False,False,False,False,False,False,False,9323314,reid,,,,2026-06-18,MIMOZA,False,613,raw+reid,False,
S2A_MSIL1C_20260618T083531_N0512_R021_T36TYM_20260618T121349;36.49367200;41.5709230,2026-06-18 08:35:31+00:00,41.570923,36.493672,assigned,IMO-9323314/2006-07/2006-07,0.6289917347809428,0.969116,12,no_ais_ping,,,185.2,1.91,,,,False,True,False,False,False,False,False,False,False,True,9323314,reid,,,,2026-06-18,MIMOZA,False,612,raw+reid,True,not_in_pipe
S2A_MSIL1C_20260618T083531_N0512_R021_T37TBG_20260618T121349;36.49403800;41.5706890,2026-06-18 08:35:31+00:00,41.570689,36.494038,assigned,IMO-9323314/2006-07/2006-07,0.7696185226199077,0.991075,10,no_ais_ping,,,179.20000000000002,0.37,3.536089701927278e-07,,7.857977115393952e-06,False,True,True,False,False,False,False,False,False,False,9323314,reid,,,,2026-06-18,MIMOZA,False,613,raw+reid,False,
S2B_MSIL1C_20260621T082559_N0512_R021_T36TYL_20260621T120456;36.42338000;41.3044050,2026-06-21 08:25:59+00:00,41.304405,36.42338,assigned,IMO-9323314/2006-07/2006-07,0.7843448745736232,0.99648,2,no_ais_ping,,,221.70000000000002,0.1,,,7.9659124967910095,False,False,False,False,False,False,False,False,False,True,9323314,reid,,,,2026-06-21,MIMOZA,False,608,raw+reid,True,not_in_pipe
S2B_MSIL1C_20260628T081559_N0512_R121_T37TBF_20260628T115439;36.42353500;41.3041620,2026-06-28 08:15:59+00:00,41.304162,36.423535,assigned,IMO-9323314/2006-07/2006-07,0.8070814397408022,0.99648,2,no_ais_ping,,,205.3,0.1,,,4.29764777301259,False,False,False,False,False,False,False,False,False,True,9323314,reid,,,,2026-06-28,MIMOZA,False,608,raw+reid,True,not_in_pipe
S2A_MSIL1C_20260628T082751_N0512_R021_T37TBF_20260628T103351;36.42366100;41.3039840,2026-06-28 08:27:51+00:00,41.303984,36.423661,assigned,IMO-9323314/2006-07/2006-07,0.8223728446331435,0.996629,2,no_ais_ping,,,209.7,0.06,,,46.00545832683791,False,False,False,False,False,False,False,False,False,True,9323314,reid,,,,2026-06-28,MIMOZA,False,608,raw+reid,True,not_in_pipe
S2B_MSIL1C_20260708T081559_N0512_R121_T37TBF_20260708T115459;36.42221800;41.3042220,2026-07-08 08:28:46.045000+00:00,41.304222,36.422218,assigned,IMO-9323314/2006-07/2006-07,0.7943024736229525,0.99648,2,no_ais_ping,,,219.8,0.14,0.0006391057380195885,0.00040940025444561744,0.4151111794353293,False,False,False,False,False,False,False,False,False,False,9323314,reid,,,,2026-07-08,MIMOZA,False,608,raw+reid,False,
S2C_MSIL1C_20260713T081601_N0512_R121_T37TBF_20260713T115827;36.42185300;41.3043940,2026-07-13 08:16:01+00:00,41.304394,36.421853,assigned,IMO-9323314/2006-07/2006-07,0.8721829010952753,0.99719,1,no_ais_ping,,,222.7,0.03,,,7.928184416509839,False,False,False,False,False,False,False,False,False,True,9323314,reid,,,,2026-07-13,MIMOZA,False,608,raw+reid,True,not_in_pipe
S2C_MSIL1C_20260716T082601_N0512_R021_T37TBF_20260716T120924;36.42306100;41.3040610,2026-07-16 08:26:01+00:00,41.304061,36.423061,assigned,IMO-9323314/2006-07/2006-07,0.8114501036942912,0.99648,2,no_ais_ping,,,216.6,1.88,,,10.726849741737954,False,False,False,False,False,False,False,False,False,True,9323314,reid,,,,2026-07-16,MIMOZA,False,608,raw+reid,True,not_in_pipe
S2B_MSIL1C_20260721T082559_N0512_R021_T37TBF_20260721T120457;36.42258300;41.3040500,2026-07-21 08:25:59+00:00,41.30405,36.422583,assigned,IMO-9323314/2006-07/2006-07,0.7956470507108904,0.99648,2,no_ais_ping,,,231.20000000000002,0.38,,,9.187425389338397,False,False,False,False,False,False,False,False,False,True,9323314,reid,,,,2026-07-21,MIMOZA,False,608,raw+reid,True,not_in_pipe
S2C_MSIL1C_20260726T082601_N0512_R021_T37TBF_20260726T120927;36.42424300;41.3043580,2026-07-26 08:26:01+00:00,41.304358,36.424243,assigned,IMO-9323314/2006-07/2006-07,0.6742436416765507,0.980576,3,no_ais_ping,,,227.0,0.01,,,10.511394983343408,False,False,False,False,False,False,False,False,False,True,9323314,reid,,,,2026-07-26,MIMOZA,False,608,raw+reid,True,not_in_pipe
S2A_MSIL1C_20260804T082021_N0512_R121_T37TBF_20260804T120116;36.42341500;41.3041590,2026-08-04 08:20:21+00:00,41.304159,36.423415,assigned,IMO-9323314/2006-07/2006-07,0.8023993656533435,0.99648,2,no_ais_ping,,,216.1,0.17,,,10.452410221055294,False,False,False,False,False,False,False,False,False,True,9323314,reid,,,,2026-08-04,MIMOZA,False,608,raw+reid,True,not_in_pipe
S2C_MSIL1C_20260805T082601_N0512_R021_T36TYL_20260805T120930;36.42312200;41.3040530,2026-08-05 08:26:01+00:00,41.304053,36.423122,assigned,IMO-9323314/2006-07/2006-07,0.8832723720085802,0.99719,1,no_ais_ping,,,228.9,0.36,,,9.920686086474788,False,False,False,False,False,False,False,False,False,True,9323314,reid,,,,2026-08-05,MIMOZA,False,608,raw+reid,True,not_in_pipe
S2B_MSIL1C_20260807T081609_N0512_R121_T37TBF_20260807T115501;36.42173400;41.3043920,2026-08-07 08:16:09+00:00,41.304392,36.421734,assigned,IMO-9323314/2006-07/2006-07,0.9370124936103821,,2,,,,214.4,0.06,0.5144938080813694,0.04491534574673785,11.433195735141542,True,False,,,,,,,,,9323314,raw,IMO-9323314/2006-07/2006-07,0.9370124936103821,,2026-08-07,MIMOZA,False,608,raw,False,
S2A_MSIL1C_20260807T083531_N0512_R021_T36TYL_20260807T134813;36.42182500;41.3043610,2026-08-07 08:35:31+00:00,41.304361,36.421825,assigned,IMO-9323314/2006-07/2006-07,0.9028242378531246,0.99719,1,no_ais_ping,,,212.2,0.05,,,9.951877082536097,False,False,False,False,False,False,False,False,False,True,9323314,reid,,,,2026-08-07,MIMOZA,False,608,raw+reid,True,not_in_pipe
S2C_MSIL1C_20260812T081601_N0512_R121_T37TBF_20260812T103301;36.42341900;41.3040690,2026-08-12 08:16:01+00:00,41.304069,36.423419,assigned,IMO-9323314/2006-07/2006-07,0.8520490066548838,0.996629,1,no_ais_ping,,,220.79999999999998,0.06,,,10.205699040720466,False,False,False,False,False,False,False,False,False,True,9323314,reid,,,,2026-08-12,MIMOZA,False,608,raw+reid,True,not_in_pipe
S2C_MSIL1C_20260815T082601_N0512_R021_T37TBF_20260815T120930;36.42283600;41.3036960,2026-08-15 08:26:01+00:00,41.303696,36.422836,assigned,IMO-9323314/2006-07/2006-07,0.8399006386013106,0.996629,1,no_ais_ping,,,216.1,0.11,,,23.02432695755185,False,False,False,False,False,False,False,False,False,True,9323314,reid,,,,2026-08-15,MIMOZA,False,608,raw+reid,True,not_in_pipe
S2B_MSIL1C_20260817T081559_N0512_R121_T36TYL_20260817T115502;36.42382800;41.3038510,2026-08-17 08:15:59+00:00,41.303851,36.423828,assigned,IMO-9323314/2006-07/2006-07,0.7978756226932688,0.99648,2,no_ais_ping,,,219.8,0.11,,,24.377716496008073,False,False,False,False,False,False,False,False,False,True,9323314,reid,,,,2026-08-17,MIMOZA,False,608,raw+reid,True,not_in_pipe
S2A_MSIL1C_20260817T082751_N0512_R021_T37TBF_20260817T103337;36.42319400;41.3037040,2026-08-17 08:27:51+00:00,41.303704,36.423194,assigned,IMO-9323314/2006-07/2006-07,0.7942970090846977,0.99648,2,no_ais_ping,,,209.1,0.1,,,9.868610138668357,False,False,False,False,False,False,False,False,False,True,9323314,reid,,,,2026-08-17,MIMOZA,False,608,raw+reid,True,not_in_pipe
S2C_MSIL1C_20260904T082601_N0512_R021_T36RVT_20260904T121021;32.62555800;29.6086910,2026-09-04 08:26:01+00:00,29.608691,32.625558,assigned,IMO-9323314/2006-07/2006-07,0.5594222545623779,,2,,,,188.1,8.77,0.007332580915741444,0.027660904023865326,,True,False,,,,,,,,,9323314,raw,IMO-9323314/2006-07/2006-07,0.5594222545623779,,2026-09-04,MIMOZA,False,1354,raw,False,
S2C_MSIL1C_20260909T073611_N0512_R092_T37PHS_20260909T093707;42.06407400;14.7587790,2026-09-09 07:36:11+00:00,14.758779,42.064074,assigned,IMO-9323314/2006-07/2006-07,0.908740222454071,,3,,,,212.8,11.36,0.19462118715340482,0.04698175118381194,,True,False,,,,,,,,,9323314,raw,IMO-9323314/2006-07/2006-07,0.908740222454071,,2026-09-09,MIMOZA,False,3219,raw,False,
S2B_MSIL1C_20260909T082559_N0512_R021_T36RVV_20260909T120504;32.37474300;31.5358100,2026-09-09 08:25:59+00:00,31.53581,32.374743,assigned,IMO-9323314/2006-07/2006-07,0.020554764693258676,0.383846,3,no_ais_ping,,,209.5,0.08,0.00025962732063832455,0.0009066698963694364,,False,False,False,False,False,False,False,False,False,False,9323314,reid,,,,2026-09-09,MIMOZA,False,1140,raw+reid,False,
S2B_MSIL1C_20260912T065619_N0512_R063_T39PWR_20260912T104740;51.58780300;13.9025310,2026-09-12 06:56:19+00:00,13.902531,51.587803,assigned,IMO-9323314/2006-07/2006-07,0.893696129322052,,2,,,,179.7,10.55,0.16293088399991373,,,True,False,,,,,,,,,9323314,raw,IMO-9323314/2006-07/2006-07,0.893696129322052,,2026-09-12,MIMOZA,False,3753,raw,False,
S2A_MSIL1C_20170524T101031_N0205_R022_T34VCH_20170524T101353;17.87657200;55.9761990,2017-05-24 10:13:53.110000+00:00,55.976199,17.876572,assigned,IMO-9257022,0.822541214588469,0.996629,1,plausible,72.6093643283018,333.899996004239,187.5,13.19,5.04759658721744e-07,0.021667593039374152,9.959252755722233e-06,False,False,False,False,False,False,False,False,False,False,9257022,reid,,,,2017-05-24,PIROP,False,1807,raw+reid,False,
S2A_MSIL1C_20170702T104021_N0205_R008_T32ULF_20170702T104252;6.604968000;54.8782880,2017-07-02 10:42:52.980000+00:00,54.878288,6.604968,assigned,IMO-9257022,0.7719890428685119,0.991639,2,plausible,45.15993869653626,498.4301430466602,189.7,10.94,2.4742707218700856e-05,,0.0005498379381933524,False,False,False,False,False,False,False,False,False,False,9257022,reid,,,,2017-07-02,PIROP,False,2223,raw+reid,False,
S2B_MSIL1C_20170804T100029_N0205_R122_T34VEL_20170804T100025;21.81208100;59.2363740,2017-08-04 10:00:25.460000+00:00,59.236374,21.812081,assigned,IMO-9257022,0.8137873615528548,0.99648,1,plausible,78.03611561737233,608.3625822683612,188.0,9.63,9.290314626618076e-06,,0.00020645143614706838,False,False,False,False,False,False,False,False,False,False,9257022,reid,,,,2017-08-04,PIROP,False,2039,raw+reid,False,
S2B_MSIL1C_20170815T110619_N0205_R137_T31UCA_20170815T110935;1.131904000;54.2758620,2017-08-15 11:09:35.890000+00:00,54.275862,1.131904,assigned,IMO-9257022,0.8171158607491549,0.99648,1,plausible,155.86606671752267,484.45883478163694,196.9,12.91,1.091629143276242e-06,,2.1538588446098177e-05,False,True,True,False,False,False,False,False,False,False,9257022,reid,,,,2017-08-15,PIROP,False,2504,raw+reid,False,
S2A_MSIL1C_20180107T111431_N0206_R137_T31UCV_20180107T130945;0.713119000;53.7789540,2018-01-07 11:14:31.460000+00:00,53.778954,0.713119,assigned,IMO-9257022,0.7706313497820361,0.991075,2,plausible,16.561911827250555,11.295206506355202,205.5,0.24,6.46035576152584e-06,,6.159263141529103e-05,False,True,True,False,False,False,False,False,False,False,9257022,reid,,,,2018-01-07,PIROP,False,2508,raw+reid,False,
S2A_MSIL1C_20180117T111401_N0206_R137_T31UCA_20180117T131537;1.437386000;54.1463680,2018-01-17 11:14:03.460000+00:00,54.146368,1.437386,assigned,IMO-9257022,0.8228036324212873,0.996629,1,plausible,35.749944019312764,113.78259792729948,233.4,9.5,8.777142142931812e-07,,1.735057630490158e-05,False,True,True,False,False,False,False,False,False,False,9257022,reid,,,,2018-01-17,PIROP,False,2480,raw+reid,False,
S2A_MSIL1C_20180213T110141_N0206_R094_T31UDT_20180213T131320;2.656409000;52.1381990,2018-02-13 11:01:43.460000+00:00,52.138199,2.656409,assigned,IMO-9257022,0.8232897619805613,0.996629,1,plausible,301.09796207686486,113.2497316103207,195.6,8.05,6.852174331439062e-06,,0.00015227054069864583,False,False,False,False,False,False,False,False,False,False,9257022,reid,,,,2018-02-13,PIROP,False,2322,raw+reid,False,
S2B_MSIL1C_20180225T105019_N0206_R051_T31UDS_20180225T143259;2.091354000;51.2721790,2018-02-25 10:50:18.460000+00:00,51.272179,2.091354,assigned,IMO-9257022,0.8135015103369341,0.99648,2,plausible,16.243996504028416,372.8068944056396,225.9,9.62,6.234525228964953e-06,,5.9439577114910465e-05,False,True,True,False,False,False,False,False,False,False,9257022,reid,,,,2018-02-25,PIROP,False,2328,raw+reid,False,
S2A_MSIL1C_20180528T021651_N0206_R003_T51RYQ_20180528T041157;126.0683530;31.0113620,2018-05-28 02:16:50.460000+00:00,31.011362,126.068353,assigned,IMO-9257022,0.10461926969825086,0.57189,32,impossible_speed,9679.86409926025,9679.91810863997,218.4,3.38,2.3261126886364363e-06,,6.618673386098673e-05,False,True,True,False,False,False,False,False,False,False,9257022,reid,,,,2018-05-28,PIROP,False,8302,raw+reid,False,
S2A_MSIL1C_20180609T094031_N0206_R036_T33SVV_20180609T101143;14.68823500;35.9821630,2018-06-09 09:41:42.610000+00:00,35.982163,14.688235,assigned,IMO-9257022,0.8299321015290531,0.996629,1,plausible,9.089704176354466,20.16240491294324,194.20000000000002,0.79,7.335067741293245e-08,0.02451378307748101,1.4472589549030278e-06,False,False,False,False,False,False,False,False,False,False,9257022,reid,,,,2018-06-09,PIROP,False,1397,raw+reid,False,
S2B_MSIL1C_20180909T110609_N0206_R137_T30UYB_20180909T150925;0.905857000;50.7389650,2018-09-09 11:13:19.780000+00:00,50.738965,0.905857,assigned,IMO-9257022,0.8414077714047039,0.996629,1,plausible,46.2381738486067,436.39406154767147,219.1,11.75,1.00747536491084e-06,,2.2388341442463113e-05,False,True,True,False,False,False,False,False,False,False,9257022,reid,,,,2018-09-09,PIROP,False,2392,raw+reid,False,
S2B_MSIL1C_20181229T022109_N0207_R003_T52SBB_20181229T034116;126.6496950;33.0346650,2018-12-29 02:28:25.230000+00:00,33.034665,126.649695,assigned,IMO-9257022,0.7733405874136352,0.991639,2,plausible,10.527462630509262,7.869386248582731,217.0,0.15,2.262317355923311e-05,,0.00021568793452156533,False,False,False,False,False,False,False,False,False,False,9257022,reid,,,,2018-12-29,PIROP,False,8201,raw+reid,False,
S2A_MSIL1C_20190409T023551_N0207_R089_T50PKA_20190409T061126;114.8550370;14.0192400,2019-04-09 02:54:04+00:00,14.01924,114.855037,assigned,IMO-9257022,0.82810319366763,0.996629,1,plausible,415.88724654664554,256.4679493475092,216.1,11.53,0.00014597307009422885,,0.0013916982028167393,False,False,False,False,False,False,False,False,False,False,9257022,reid,,,,2019-04-09,PIROP,False,8623,raw+reid,False,
S2B_MSIL1C_20190410T025549_N0207_R032_T49PEM_20190410T081717;111.2902810;10.0886220,2019-04-10 03:15:07+00:00,10.088622,111.290281,assigned,IMO-9257022,0.7614566828277702,0.991075,3,plausible,327.6791756446336,699.0926750444848,194.4,10.13,5.461680642813219e-06,,3.187777066300479e-05,False,True,True,False,False,False,False,False,False,False,9257022,reid,,,,2019-04-10,PIROP,False,8610,raw+reid,False,
S2A_MSIL1C_20190531T031541_N0207_R118_T48NVG_20190531T075342;104.5406550;1.57196100,2019-05-31 03:37:46+00:00,1.571961,104.540655,assigned,IMO-9257022,0.7825908667752799,0.99648,2,plausible,102.89903946780403,0.10346752812976681,252.8,0.73,0.0,,,False,True,True,False,False,False,False,False,False,False,9257022,reid,,,,2019-05-31,PIROP,False,8675,raw+reid,False,
S2A_MSIL1C_20190702T021611_N0207_R003_T51RXL_20190702T041613;124.3125740;27.8291230,2019-07-02 02:30:05+00:00,27.829123,124.312574,assigned,IMO-9257022,0.7811288461283326,0.99648,3,plausible,102.53257524045166,345.5676181121016,185.5,11.44,0.00010169951993704725,,0.0020066009766977334,False,False,False,False,False,False,False,False,False,False,9257022,reid,,,,2019-07-02,PIROP,False,8396,raw+reid,False,
S2A_MSIL1C_20190720T045701_N0208_R119_T44PMV_20190720T085244;80.81036100;12.8745920,2019-07-20 05:15:18.062000+00:00,12.874592,80.810361,assigned,IMO-9257022,0.7677338005432617,0.991075,3,plausible,403.3621679482797,49.104302896642864,188.79999999999998,10.25,1.1419083821624856e-06,,2.2530632163897506e-05,False,True,True,False,False,False,False,False,False,False,9257022,reid,,,,2019-07-20,PIROP,False,5899,raw+reid,False,
S2A_MSIL1C_20191218T061241_N0208_R134_T41RRH_20191218T080210;66.57984600;24.9482430,2019-12-18 06:22:16.020000+00:00,24.948243,66.579846,assigned,IMO-9257022,0.8369121280248351,0.996629,1,plausible,4.178651118810661,16.092557671779073,246.20000000000002,0.2,0.0,,,False,True,True,False,False,False,False,False,False,False,9257022,reid,,,,2019-12-18,PIROP,False,3892,raw+reid,False,
S2A_MSIL1C_20200810T030551_N0209_R075_T48NYN_20200810T060613;107.6132590;6.26262000,2020-08-10 03:26:17.901000+00:00,6.26262,107.613259,assigned,IMO-9257022,0.8211662330958269,0.996629,1,plausible,1684.3263798027494,316.70926438058103,200.5,11.55,4.469514042937317e-05,,0.00031345958835986195,False,False,False,False,False,False,False,False,False,False,9257022,reid,,,,2020-08-10,PIROP,False,8582,raw+reid,False,
S2B_MSIL1C_20200911T025549_N0209_R032_T49PDK_20200911T054342;110.4040240;8.84460800,2020-09-11 03:15:38.173000+00:00,8.844608,110.404024,assigned,IMO-9257022,0.7986599585430021,0.99648,2,plausible,884.6904581641784,277.9968194562592,209.8,13.8,1.563175070305119e-07,,7.626348643356409e-06,False,True,True,False,False,False,False,False,False,False,9257022,reid,,,,2020-09-11,PIROP,False,8627,raw+reid,False,
S2B_MSIL1C_20200928T024549_N0209_R132_T50PKB_20200928T045627;114.3852430;14.4045990,2020-09-28 03:03:47.141000+00:00,14.404599,114.385243,novel,,0.0,,2,,,,210.6,11.38,5.120318647218678e-06,,3.191750200552949e-05,False,True,,,,,,,,,9257022,raw,IMO-9257022,0.0,,2020-09-28,PIROP,False,8557,raw,False,
S2A_MSIL1C_20201017T022711_N0209_R046_T51RXQ_20201017T043702;124.1615050;30.9247000,2020-10-17 02:39:03.966000+00:00,30.9247,124.161505,assigned,IMO-9257022,0.7717127052000876,0.991639,2,plausible,360.5749358696199,785.450143636419,223.4,11.7,9.589124272235166e-06,,5.9773798131994704e-05,False,True,True,False,False,False,False,False,False,False,9257022,reid,,,,2020-10-17,PIROP,False,8167,raw+reid,False,
S2B_MSIL1C_20201104T023859_N0209_R089_T50PMC_20201104T044906;116.6360690;15.4901680,2020-11-04 02:53:30.394000+00:00,15.490168,116.636069,assigned,IMO-9257022,0.803479699860091,0.99648,2,plausible,2120.583785392406,611.5648075139029,188.4,10.77,7.946006505339842e-06,,5.572757808434397e-05,False,True,True,False,False,False,False,False,False,False,9257022,reid,,,,2020-11-04,PIROP,False,8665,raw+reid,False,
S2A_MSIL1C_20201209T024111_N0209_R089_T49NHF_20201209T050238;113.9005950;4.44741300,2020-12-09 02:56:27.898000+00:00,4.447413,113.900595,assigned,IMO-9257022,0.8014063295616012,0.99648,2,plausible,1.2286544977540632,32.57295197711766,222.8,0.17,0.0007604240417105914,,0.0047401026280921785,False,False,False,False,False,False,False,False,False,False,9257022,reid,,,,2020-12-09,PIROP,False,9239,raw+reid,False,
S2A_MSIL1C_20210213T025821_N0209_R032_T49NBD_20210213T055435;109.1006050;3.44187300,2021-02-13 03:17:08.419000+00:00,3.441873,109.100605,assigned,IMO-9257022,0.8103290438964486,0.99648,1,plausible,403.1188031139267,229.64394048331084,184.20000000000002,11.57,1.7932038273958378e-05,,0.0003538113605352259,False,False,False,False,False,False,False,False,False,False,9257022,reid,,,,2021-02-13,PIROP,False,8913,raw+reid,False,
S2A_MSIL1C_20210513T082601_N0300_R021_T36RVT_20210513T094142;32.58135200;29.6843690,2021-05-13 08:42:03.054000+00:00,29.684369,32.581352,assigned,IMO-9257022,0.7865063852640297,0.99648,3,plausible,22.931284106959776,368.00895608027577,189.20000000000002,1.23,1.4299653671880804e-08,,1.3633201181020509e-07,False,True,True,False,False,False,False,False,False,False,9257022,reid,,,,2021-05-13,PIROP,False,1347,raw+reid,False,
S2A_MSIL1C_20210616T030541_N0300_R075_T48NVG_20210616T065257;104.8017180;1.62836700,2021-06-16 03:27:48.953000+00:00,1.628367,104.801718,assigned,IMO-9257022,0.8084548839356245,0.99648,2,plausible,0.14585453738974966,0.1286111476489183,196.9,0.56,7.23192993149206e-05,,0.0016070955403315688,False,False,False,False,False,False,False,False,False,False,9257022,reid,,,,2021-06-16,PIROP,False,8692,raw+reid,False,
S2B_MSIL1C_20210625T024549_N0300_R132_T49PHQ_20210625T045952;113.8835270;13.4608020,2021-06-25 03:04:15.526000+00:00,13.460802,113.883527,assigned,IMO-9257022,0.8151178384304139,0.99648,1,plausible,126.2196725877807,769.2813384561603,204.7,10.02,0.00010370778964279427,,0.0009887436386095399,False,False,False,False,False,False,False,False,False,False,9257022,reid,,,,2021-06-25,PIROP,False,8583,raw+reid,False,
S2A_MSIL1C_20211116T082221_N0301_R121_T36RWS_20211116T090923;33.14075000;28.3418970,2021-11-16 08:32:19.413000+00:00,28.341897,33.14075,assigned,IMO-9257022,0.8149293948523706,0.99648,2,plausible,1.5036207511959394,165.74560993684543,248.1,0.08,2.7235958989842404e-05,,0.00015896602369229584,False,False,False,False,False,False,False,False,False,False,9257022,reid,,,,2021-11-16,PIROP,False,1505,raw+reid,False,
S2A_MSIL1C_20220509T025551_N0400_R032_T49PEM_20220509T044702;111.5423710;10.4695100,2022-05-09 03:15:07.327000+00:00,10.46951,111.542371,assigned,IMO-9257022,0.8370967702139218,0.996629,3,plausible,769.2274039087753,1658.1304447350449,227.2,0.41,4.6600964210701e-07,,9.212037041816389e-06,False,True,True,False,False,False,False,False,False,False,9257022,reid,,,,2022-05-09,PIROP,False,8604,raw+reid,False,
S2A_MSIL1C_20220611T030551_N0400_R075_T48NVH_20220611T054107;104.5997680;1.77046500,2022-06-11 03:27:43.321000+00:00,1.770465,104.599768,assigned,IMO-9257022,0.7944737445279806,0.99648,1,plausible,0.14918485640470133,0.07091500622156237,217.2,0.31,1.0161042009697399e-05,,5.930617113406501e-05,False,False,False,False,False,False,False,False,False,False,9257022,reid,,,,2022-06-11,PIROP,False,8665,raw+reid,False,
S2B_MSIL1C_20220619T031519_N0400_R118_T48NVH_20220619T055351;104.5967990;1.78114000,2022-06-19 03:37:33.325000+00:00,1.78114,104.596799,novel,,0.0,,2,,,,217.5,0.15,0.00010020325349458133,,0.0009553316081848467,False,False,,,,,,,,,9257022,raw,IMO-9257022,0.0,,2022-06-19,PIROP,False,8664,raw,False,
S2B_MSIL1C_20220729T031529_N0400_R118_T48NVJ_20220729T055837;104.4907390;3.47828500,2022-07-29 03:37:19.435000+00:00,3.478285,104.490739,assigned,IMO-9257022,0.7546963564274378,0.991075,2,plausible,258.66186147711505,191.18136851854732,209.7,10.9,0.0004049411942281514,,0.003860684247375181,False,False,False,False,False,False,False,False,False,False,9257022,reid,,,,2022-07-29,PIROP,False,8529,raw+reid,False,
S2A_MSIL1C_20220803T031531_N0400_R118_T48NVG_20220803T053336;104.5686950;1.61466900,2022-08-03 03:37:54.422000+00:00,1.614669,104.568695,assigned,IMO-9257022,0.754858760331345,0.991075,2,plausible,411.918297701368,119.70048365157714,248.4,9.95,4.5795283228917124e-05,,0.0002672898017462304,False,False,False,False,False,False,False,False,False,False,9257022,reid,,,,2022-08-03,PIROP,False,8674,raw+reid,False,
S2A_MSIL1C_20220811T023601_N0400_R089_T49NGD_20220811T061125;113.0466260;3.37176900,2022-08-11 02:57:15.105000+00:00,3.371769,113.046626,assigned,IMO-9257022,0.902421236038208,,2,,,,248.4,0.14,0.0002443374876889194,,0.0014261057916616267,False,False,,,,,,,,,9257022,raw,IMO-9257022,0.902421236038208,,2022-08-11,PIROP,False,9247,raw,False,
S2A_MSIL1C_20220930T023541_N0400_R089_T49NGG_20220930T045618;113.0751730;5.37742600,2022-09-30 02:56:26.744000+00:00,5.377426,113.075173,assigned,IMO-9257022,0.8134260709739607,0.99648,2,plausible,283.5700669437736,374.81721875724566,197.2,13.39,6.2515932614118024e-06,,5.9602302678376133e-05,False,True,True,False,False,False,False,False,False,False,9257022,reid,,,,2022-09-30,PIROP,False,9102,raw+reid,False,
S2B_MSIL1C_20230313T213539_N0509_R086_T05UMB_20230313T234524;-154.196945;55.0051980,2023-03-13 21:40:06.684000+00:00,55.005198,-154.196945,novel,,0.43960851430892944,,32,,,,132.79999999999998,11.41,0.0,,,False,True,,,,,,,,,9257022,raw,IMO-9257022,0.43960851430892944,,2023-03-13,PIROP,False,9281,raw,False,
S2B_MSIL1C_20230502T113319_N0509_R080_T29UQT_20230502T121918;-4.99077700;51.6990210,2023-05-02 11:36:58.477000+00:00,51.699021,-4.990777,novel,,0.25236091017723083,,32,,,,59.1,5.0,0.0,,,False,True,,,,,,,,,9257022,raw,IMO-9257022,0.25236091017723083,,2023-05-02,PIROP,False,2816,raw,False,
S2A_MSIL1C_20231030T083051_N0509_R021_T37TCK_20231030T091944;37.43544900;44.4452220,2023-10-30 08:37:42.706000+00:00,44.445222,37.435449,assigned,IMO-9257022,0.8355061132512134,0.996629,1,plausible,4.071464672867248,478.18853795692195,214.8,8.79,3.1528718733757153e-06,,3.0234491196885895e-05,False,True,True,False,False,False,False,False,False,False,9257022,reid,,,,2023-10-30,PIROP,False,746,raw+reid,False,
S2A_MSIL1C_20240707T094041_N0510_R036_T35VNG_20240707T103453;28.41773900;59.7731140,2024-07-07 09:43:48.860000+00:00,59.773114,28.417739,assigned,IMO-9257022,0.7617455963093711,0.991075,2,plausible,28.394688625059313,31.393243286772478,252.2,0.15,4.6702306552139494e-08,0.0007510626494827905,2.8512279389095904e-06,False,True,True,False,False,False,False,False,False,False,9257022,reid,,,,2024-07-07,PIROP,False,2034,raw+reid,False,
S2C_MSIL1C_20251022T015731_N0511_R060_T53TLH_20251022T034930;132.9607430;42.6144300,2025-10-22 02:05:46.905000+00:00,42.61443,132.960743,assigned,IMO-9257022,0.830974992682755,0.996629,1,plausible,13.960839004232884,18.36946489169709,223.29999999999998,12.5,0.0,,,False,True,True,False,False,False,False,False,False,False,9257022,reid,,,,2025-10-22,PIROP,False,7950,raw+reid,False,
S2B_MSIL1C_20251207T081229_N0511_R078_T36RXR_20251207T084221;34.91377400;27.0483740,2025-12-07 08:22:31.159000+00:00,27.048374,34.913774,novel,,0.47747355699539185,,13,,,,147.20000000000002,7.09,0.0,,,False,True,,,,,,,,,9257022,raw,IMO-9257022,0.47747355699539185,,2025-12-07,PIROP,False,1688,raw,False,
S2C_MSIL1C_20260107T065301_N0511_R020_T39PYP_20260107T084637;53.65618600;11.9815400,2026-01-07 07:06:17.292000+00:00,11.98154,53.656186,assigned,IMO-9257022,0.010865006309506153,0.346873,8,impossible_speed,5728.465233192245,5728.357235371103,114.80000000000001,2.37,0.0,,,False,True,True,False,False,False,False,False,False,False,9257022,reid,,,,2026-01-07,PIROP,False,4051,raw+reid,False,
S2A_MSIL1C_20260109T070441_N0511_R020_T39PYP_20260109T073435;53.65582400;11.9819950,2026-01-09 07:06:34.042000+00:00,11.981995,53.655824,assigned,IMO-9257022,0.014016182593962867,0.367501,11,impossible_speed,5728.130262481946,5728.113437279153,131.3,0.49,0.0,,,False,True,False,True,False,False,False,False,False,False,9257022,reid,,,,2026-01-09,PIROP,False,4051,raw+reid,True,vessel_filter
S2B_MSIL1C_20260129T064029_N0511_R120_T40QFM_20260129T101334;58.59014000;23.6649410,2026-01-29 06:52:44.731015+00:00,23.664941,58.59014,assigned,IMO-9257022,0.044828118578159604,0.446394,9,impossible_speed,6567.215890322204,6603.8588526294125,148.3,4.57,4.827869169698842e-09,0.0010028541940572842,3.3859204111472386e-08,False,False,False,False,False,False,False,False,False,False,9257022,reid,,,,2026-01-29,PIROP,False,3365,raw+reid,False,
S2C_MSIL1C_20260206T051011_N0512_R019_T43NFH_20260206T083707;76.18285600;6.97017000,2026-02-06 05:27:05.232000+00:00,6.97017,76.182856,novel,,0.06804519891738892,,9,,,,133.2,10.41,0.0,,,False,True,,,,,,,,,9257022,raw,IMO-9257022,0.06804519891738892,,2026-02-06,PIROP,False,6006,raw,False,
S2B_MSIL1C_20260221T082859_N0512_R021_T34HBH_20260221T152341;17.97606700;-33.883132,2026-02-21 08:59:46.532000+00:00,-33.883132,17.976067,assigned,IMO-9257022,0.6113777258958599,0.967901,5,plausible,34.169190109746175,201.08539325645128,231.20000000000002,10.22,0.00021465428039033453,,0.01991627752178615,False,False,False,False,False,False,False,False,False,False,9257022,reid,,,,2026-02-21,PIROP,False,8459,raw+reid,False,
S2A_MSIL1C_20260221T085851_N0512_R021_T34HBH_20260221T103455;17.97444400;-33.883183,2026-02-21 09:00:14.021000+00:00,-33.883183,17.974444,assigned,IMO-9257022,0.15462385872184647,0.658915,4,plausible,34.02548024271916,201.20439042949374,235.9,6.8,0.0001957018433838933,,0.01815781272691663,False,False,False,False,False,False,False,False,False,False,9257022,reid,,,,2026-02-21,PIROP,False,8459,raw+reid,False,
S2A_MSIL1C_20260221T085851_N0512_R021_T33HYC_20260221T103455;17.97453700;-33.883074,2026-02-21 09:00:15.777000+00:00,-33.883074,17.974537,assigned,IMO-9257022,0.5122156271438456,0.936031,4,plausible,34.03077712084933,201.20438513165482,236.4,11.04,0.0006874337821014396,,23.71926842885462,False,False,False,False,False,False,False,False,False,False,9257022,reid,,,,2026-02-21,PIROP,False,8459,raw+reid,False,
S2C_MSIL1C_20260323T055641_N0512_R091_T42QVJ_20260323T093726;68.31640400;21.5871350,2026-03-23 06:13:12.852000+00:00,21.587135,68.316404,assigned,IMO-9257022,0.6171741402445718,0.967901,19,plausible,72.97626511805062,174.3444824333124,226.1,11.05,0.0003329249788052712,1.5047999451583498e-05,23.796123590086978,False,False,False,False,False,False,False,False,False,False,9257022,reid,,,,2026-03-23,PIROP,False,4265,raw+reid,False,
S2C_MSIL1C_20260403T070621_N0512_R106_T39PTQ_20260403T110204;48.66710400;13.1087010,2026-04-03 07:26:04.352000+00:00,13.108701,48.667104,assigned,IMO-9257022,0.7852657263054752,0.99648,11,plausible,135.17482802288416,615.9931302571642,201.70000000000002,11.09,0.0005831825883673536,2.6359485855995e-05,23.157511004058744,False,False,False,False,False,False,False,False,False,False,9257022,reid,,,,2026-04-03,PIROP,False,3676,raw+reid,False,
S2B_MSIL1C_20260404T072619_N0512_R049_T38PLU_20260404T110445;43.59949600;12.5336190,2026-04-04 07:46:25.942000+00:00,12.533619,43.599496,assigned,IMO-9257022,0.8928710222244263,,17,,,,219.4,12.02,0.0024402026226350115,1.5092999153465262e-05,163.5147749768299,True,False,,,,,,,,,9257022,raw,IMO-9257022,0.8928710222244263,,2026-04-04,PIROP,False,3510,raw,False,
S2A_MSIL1C_20260409T082751_N0512_R021_T36RVT_20260409T121105;32.60004100;29.7411930,2026-04-09 08:42:23.285000+00:00,29.741193,32.600041,assigned,IMO-9257022,0.7531072445067934,0.991075,4,plausible,0.17913789374803493,0.3011468342714514,248.4,0.08,4.69554375375017e-06,1.5369899688446817e-06,0.6292844480752441,False,False,False,False,False,False,False,False,False,False,9257022,reid,,,,2026-04-09,PIROP,False,1342,raw+reid,False,
S2B_MSIL1C_20260412T082559_N0512_R021_T36RVU_20260412T120451;32.57154900;30.0682460,2026-04-12 08:41:46.968000+00:00,30.068246,32.571549,assigned,IMO-9257022,0.4919273011959042,0.911301,9,plausible,70.62472898774236,302.1157056632883,328.8,0.21,5.9645886243785975e-05,2.6959565086003455e-06,23.980755311822417,False,False,False,False,False,False,True,False,False,False,9257022,reid,,,,2026-04-12,PIROP,False,1306,raw+reid,True,on_land
S2A_MSIL1C_20260418T090411_N0512_R007_T35TME_20260418T124100;26.70299000;40.3978180,2026-04-18 09:09:36.019000+00:00,40.397818,26.70299,assigned,IMO-9257022,0.7870068196781155,0.99648,3,plausible,60.629858187000615,225.48192353674176,251.9,11.7,0.00012457741933644215,1.0875617497903303e-05,10.829538631617872,False,False,False,False,False,False,False,False,False,False,9257022,reid,,,,2026-04-18,PIROP,False,242,raw+reid,False,
S2C_MSIL1C_20260420T083651_N0512_R064_T36TXM_20260420T121921;34.79433600;42.2657810,2026-04-20 08:48:29.544000+00:00,42.265781,34.794336,assigned,IMO-9257022,0.728474329574464,0.988173,4,plausible,129.105932477394,,203.1,11.87,1.7267812516371755e-08,,0.0006856850090181592,False,False,False,False,False,False,False,False,False,False,9257022,reid,,,,2026-04-20,PIROP,False,471,raw+reid,False,
S2A_MSIL1C_20260426T082021_N0512_R121_T37TCK_20260426T102236;37.58820300;44.3590750,2026-04-26 08:28:02.454000+00:00,44.359075,37.588203,assigned,IMO-9257022,0.655667036605756,0.978634,2,plausible,432.51633826618604,,202.3,0.23,0.0,,,False,True,True,False,False,False,False,False,False,False,9257022,reid,,,,2026-04-26,PIROP,False,753,raw+reid,False,
S2C_MSIL1C_20260427T082601_N0512_R021_T37TCK_20260427T120919;37.72347100;44.4632990,2026-04-27 08:37:44.030000+00:00,44.463299,37.723471,assigned,IMO-9257022,0.7079992705202756,0.98324,3,plausible,447.91920142636997,,213.29999999999998,8.91,1.7257700781116762e-06,,0.00010536018938064162,False,False,False,False,False,False,False,False,False,False,9257022,reid,,,,2026-04-27,PIROP,False,768,raw+reid,False,
S2B_MSIL1C_20260511T085549_N0512_R007_T35TMF_20260511T110735;27.08797000;40.5817700,2026-05-11 09:08:59.726000+00:00,40.58177,27.08797,assigned,IMO-9257022,0.7631764187052141,0.991075,2,plausible,0.11969710680461969,159.2646278411635,225.9,0.16,5.481099761812141e-05,2.381594261553812e-06,3.917667211686338,False,False,False,False,False,False,False,False,False,False,9257022,reid,,,,2026-05-11,PIROP,False,204,raw+reid,False,
S2C_MSIL1C_20260518T075611_N0512_R035_T36QZM_20260518T114106;36.99757900;23.4598400,2026-05-18 08:13:29.353000+00:00,23.45984,36.997579,assigned,IMO-9257022,0.6787744903478199,0.980576,5,plausible,112.48974781017124,550.7389500400795,197.2,2.68,4.935987083404692e-05,4.017174469704946e-05,1.323016063903606,False,False,False,False,False,False,False,False,False,False,9257022,reid,,,,2026-05-18,PIROP,False,2132,raw+reid,False,
S2A_MSIL1C_20260521T073031_N0512_R049_T38PLU_20260521T093315;43.91722800;12.3203490,2026-05-21 07:46:37.477000+00:00,12.320349,43.917228,assigned,IMO-9257022,0.7809438181267367,0.99648,2,plausible,69.77479576389074,613.1708773042238,233.6,7.0,1.8810493310415e-06,2.310182653532594e-06,1.3327939515411424,False,False,False,False,False,False,False,False,False,False,9257022,reid,,,,2026-05-21,PIROP,False,3545,raw+reid,False,
S2A_MSIL1C_20260521T073031_N0512_R049_T38PLU_20260521T111232;43.91732000;12.3202590,2026-05-21 07:46:44.120000+00:00,12.320259,43.91732,assigned,IMO-9257022,0.23690881029207844,0.76217,2,plausible,69.76418490635074,613.1628206463853,234.7,6.66,0.00021505908390356173,9.720535203613287e-06,23.852403223166977,False,False,False,False,False,False,False,False,False,False,9257022,reid,,,,2026-05-21,PIROP,False,3545,raw+reid,False,
S2B_MSIL1C_20260529T045649_N0512_R119_T43NHG_20260529T084537;78.40953100;6.13667900,2026-05-29 05:17:07.257000+00:00,6.136679,78.409531,assigned,IMO-9257022,0.746476404447801,0.991075,2,plausible,181.0887143128509,405.27561265000224,190.6,10.14,5.684096680472187e-05,4.6260267059648194e-05,1.2608569098423663,False,False,False,False,False,False,False,False,False,False,9257022,reid,,,,2026-05-29,PIROP,False,6241,raw+reid,False,
S2C_MSIL1C_20260608T022531_N0512_R046_T50LKR_20260608T052218;114.3656870;-8.3090180,2026-06-08 02:25:31+00:00,-8.309018,114.365687,novel,,0.8481355905532837,,32,,,,83.10000000000001,0.03,3.5215038293091203e-06,,,False,True,,,,,,,,,9257022,raw,IMO-9257022,0.8481355905532837,,2026-06-08,PIROP,False,10220,raw,False,
S2C_MSIL1C_20260609T033531_N0512_R061_T47NNE_20260609T070925;99.56669300;4.02800700,2026-06-09 03:35:31+00:00,4.028007,99.566693,assigned,IMO-9257022,0.4822776641643145,0.911301,2,plausible,227.6038701496986,577.077692601575,229.7,5.45,4.130151944419355e-05,1.2308877725160655e-05,3.406228442721402,False,False,False,False,False,False,False,False,False,False,9257022,reid,,,,2026-06-09,PIROP,False,8082,raw+reid,False,
S2B_MSIL1C_20260612T025519_N0512_R032_T49PBK_20260612T062432;109.0741830;8.10975800,2026-06-12 02:55:19+00:00,8.109758,109.074183,assigned,IMO-9257022,0.8306657263595163,0.996629,32,plausible,98.60432360538461,826.4136270685126,158.8,8.19,,,1.2456524628231826,False,False,False,False,False,False,False,False,False,True,9257022,reid,,,,2026-06-12,PIROP,False,8569,raw+reid,True,not_in_pipe
S2C_MSIL1C_20260614T024531_N0512_R132_T50PLC_20260614T043950;115.4489240;16.0415750,2026-06-14 02:45:31+00:00,16.041575,115.448924,assigned,IMO-9257022,0.4578326893744169,0.896368,6,plausible,294.9932930492878,165.2980957306941,202.7,11.64,0.0005862023022401425,2.6495975022006916e-05,23.2774203748683,False,False,False,False,False,False,False,False,False,False,9257022,reid,,,,2026-06-14,PIROP,False,8528,raw+reid,False,
S2C_MSIL1C_20260619T015651_N0512_R060_T52SFG_20260619T040952;131.1941290;36.9426100,2026-06-19 01:56:51+00:00,36.94261,131.194129,assigned,IMO-9257022,0.650634761977642,0.978112,3,plausible,74.0877364659028,622.2876436211045,230.3,12.06,,,,False,True,False,False,False,False,False,False,False,True,9257022,reid,,,,2026-06-19,PIROP,False,8241,raw+reid,True,not_in_pipe
S2C_MSIL1C_20260619T015651_N0512_R060_T52SFF_20260619T040952;131.1939150;36.9429740,2026-06-19 01:56:51+00:00,36.942974,131.193915,assigned,IMO-9257022,0.5501747795612459,0.946632,3,plausible,74.05713918148652,622.2529057462715,238.0,13.16,,,23.214500306652877,False,False,False,False,False,False,False,False,False,True,9257022,reid,,,,2026-06-19,PIROP,False,8241,raw+reid,True,not_in_pipe
S2C_MSIL1C_20260619T015651_N0512_R060_T52SFG_20260619T040952;131.1936880;36.9428880,2026-06-19 01:56:51+00:00,36.942888,131.193688,assigned,IMO-9257022,0.6014794747617138,0.96355,3,plausible,74.07347776060679,622.2670250226174,228.9,12.02,1.8098332976254752e-05,1.4729406691696733e-05,1.293595241255253,False,False,False,False,False,False,False,False,False,False,9257022,reid,,,,2026-06-19,PIROP,False,8241,raw+reid,False,
S2C_MSIL1C_20260628T022531_N0512_R046_T50QQH_20260628T041848;119.4707220;20.2113640,2026-06-28 02:25:31+00:00,20.211364,119.470722,assigned,IMO-9257022,0.5811710552639937,0.948882,15,plausible,203.11468013552692,627.9426610977301,222.8,12.4,4.4024220006270184e-05,1.5170254356744252e-05,2.9500052008314066,False,False,False,False,False,False,False,False,False,False,9257022,reid,,,,2026-06-28,PIROP,False,8558,raw+reid,False,
S2A_MSIL1C_20260707T040211_N0512_R004_T46NEM_20260707T092110;93.00149200;6.22806100,2026-07-07 04:17:07.078000+00:00,6.228061,93.001492,assigned,IMO-9257022,0.14568420766518742,0.649194,4,plausible,165.34031771057084,554.5108287317111,232.7,13.09,0.0001388081226244448,1.2117958899024285e-05,11.447815521726895,False,False,False,False,False,False,False,False,False,False,9257022,reid,,,,2026-07-07,PIROP,False,7381,raw+reid,False,
S2A_MSIL1C_20260707T040211_N0512_R004_T46NDM_20260707T092110;93.00167200;6.22806100,2026-07-07 04:17:10.672000+00:00,6.228061,93.001672,assigned,IMO-9257022,0.6513495384944363,0.978112,4,plausible,165.3602047501729,554.5307172330005,233.9,13.44,6.149643676989508e-05,,11.450471139609194,False,False,False,False,False,False,False,False,False,False,9257022,reid,,,,2026-07-07,PIROP,False,7381,raw+reid,False,
S2B_MSIL1C_20260711T050649_N0512_R019_T43NGJ_20260711T084139;77.27129200;7.75555900,2026-07-11 05:06:49+00:00,7.755559,77.271292,assigned,IMO-9257022,0.9250113368034363,,5,,,,194.5,11.13,0.0010790183524334856,4.877095024211064e-05,23.934986014338307,True,False,,,,,,,,,9257022,raw,IMO-9257022,0.9250113368034363,,2026-07-11,PIROP,False,6024,raw,False,
S2A_MSIL1C_20260724T071321_N0512_R106_T38PRV_20260724T105425;48.14878000;12.9331400,2026-07-24 07:13:21+00:00,12.93314,48.14878,assigned,IMO-9257022,0.7869798068506952,0.99648,5,plausible,104.88832731936587,485.30941103771494,209.8,11.05,2.980265518905163e-05,2.425502002576088e-05,1.2449060622753751,False,False,False,False,False,False,False,False,False,False,9257022,reid,,,,2026-07-24,PIROP,False,3668,raw+reid,False,
S2C_MSIL1C_20260725T071621_N0512_R006_T38PLU_20260725T093006;44.12915600;12.3041980,2026-07-25 07:16:21+00:00,12.304198,44.129156,assigned,IMO-9257022,0.7490864706865139,0.991075,8,plausible,72.4324666378437,639.8978258667034,231.9,11.36,1.5985947698353875e-05,1.3076823976507765e-05,1.3251448109749726,False,False,False,False,False,False,False,False,False,False,9257022,reid,,,,2026-07-25,PIROP,False,3555,raw+reid,False,
S2C_MSIL1C_20260725T071621_N0512_R006_T38PMU_20260725T093006;44.12943200;12.3041090,2026-07-25 07:16:21+00:00,12.304109,44.129432,assigned,IMO-9257022,0.7720737894202756,0.991639,6,plausible,72.4601217777503,639.924188226657,232.8,11.27,2.3012987061825276e-05,1.3076904565882887e-05,1.897932379652176,False,False,False,False,False,False,False,False,False,False,9257022,reid,,,,2026-07-25,PIROP,False,3555,raw+reid,False,
S2C_MSIL1C_20260730T080611_N0512_R078_T36RYR_20260730T114914;35.42111800;27.0277420,2026-07-30 08:06:11+00:00,27.027742,35.421118,assigned,IMO-9257022,0.8071720968963447,0.99648,2,plausible,4.669729380179223,28.836546073723422,183.29999999999998,0.74,,,8.139489364862463,False,False,False,False,False,False,False,False,False,True,9257022,reid,,,,2026-07-30,PIROP,False,1705,raw+reid,True,not_in_pipe
S2C_MSIL1C_20260730T080611_N0512_R078_T36RYQ_20260730T114914;35.42121700;27.0276500,2026-07-30 08:06:11+00:00,27.02765,35.421217,assigned,IMO-9257022,0.7607892806307603,0.991075,4,plausible,4.681855101743135,28.850233855380207,180.0,0.17,0.000646486270200617,2.524369032333689e-05,7.906347641596418,False,False,False,False,False,False,False,False,False,False,9257022,reid,,,,2026-07-30,PIROP,False,1705,raw+reid,False,
S2C_MSIL1C_20260802T081611_N0512_R121_T36RXR_20260802T115934;34.85064000;27.6363210,2026-08-02 08:32:30.937000+00:00,27.636321,34.85064,assigned,IMO-9257022,0.7810872569563756,0.99648,4,plausible,37.679531843504904,74.48359408499684,239.20000000000002,1.6,6.804770394126222e-05,2.657094581412033e-06,7.547234198884235,False,False,False,False,False,False,False,False,False,False,9257022,reid,,,,2026-08-02,PIROP,False,1624,raw+reid,False,
S2C_MSIL1C_20260805T082601_N0512_R021_T36RVS_20260805T120930;33.03514700;28.6439960,2026-08-05 08:26:01+00:00,28.643996,33.035147,assigned,IMO-9257022,0.7918319682660986,0.99648,4,plausible,16.93415559789048,131.49388402163018,220.79999999999998,11.1,,,5.418470028141846,False,False,False,False,False,False,False,False,False,True,9257022,reid,,,,2026-08-05,PIROP,False,1470,raw+reid,True,not_in_pipe
S2C_MSIL1C_20260805T082601_N0512_R021_T36RWS_20260805T120930;33.03504500;28.6440870,2026-08-05 08:26:01+00:00,28.644087,33.035045,assigned,IMO-9257022,0.7946059689760432,0.99648,4,plausible,16.9281964419178,131.48095924985148,216.1,11.0,2.393152359982367e-05,1.6010123809590754e-05,1.5708930478035519,False,False,False,False,False,False,False,False,False,False,9257022,reid,,,,2026-08-05,PIROP,False,1470,raw+reid,False,
S2A_MSIL1C_20260807T083531_N0512_R021_T36RVT_20260807T134813;32.56761800;29.7539070,2026-08-07 08:35:31+00:00,29.753907,32.567618,assigned,IMO-9257022,0.7988212620546982,0.99648,4,plausible,0.1147089562947237,0.12233750135624108,227.2,2.02,,,0.3323678186666916,False,False,False,False,False,False,False,False,False,True,9257022,reid,,,,2026-08-07,PIROP,False,1340,raw+reid,True,not_in_pipe
S2B_MSIL1C_20260810T082559_N0512_R021_T36RVT_20260810T120203;32.56741100;29.7538160,2026-08-10 08:25:59+00:00,29.753816,32.567411,assigned,IMO-9257022,0.8047995134192973,0.99648,2,plausible,0.08505964590823706,5.788335455524925,243.9,0.01,,,0.24680893134454052,False,False,False,False,False,False,False,False,False,True,9257022,reid,,,,2026-08-10,PIROP,False,1340,raw+reid,True,not_in_pipe
S2C_MSIL1C_20260814T085551_N0512_R007_T35SMB_20260814T123521;25.95944600;37.3129280,2026-08-14 08:55:51+00:00,37.312928,25.959446,assigned,IMO-9257022,0.9244247078895569,,2,,,,196.20000000000002,10.8,0.0230145243485351,,0.5114338744118911,True,False,,,,,,,,,9257022,raw,IMO-9257022,0.9244247078895569,,2026-08-14,PIROP,False,541,raw,False,
S2A_MSIL1C_20260816T085721_N0512_R007_T35TLE_20260816T123923;25.92195400;39.9087440,2026-08-16 08:57:21+00:00,39.908744,25.921954,assigned,IMO-9257022,0.8164826097573261,0.99648,2,plausible,37.236450843185274,243.43053747925907,227.7,11.17,,,0.21827955224577544,False,False,False,False,False,False,False,False,False,True,9257022,reid,,,,2026-08-16,PIROP,False,327,raw+reid,True,not_in_pipe
S2B_MSIL1C_20260817T031539_N0512_R118_T48NVH_20260817T064753;104.7718930;2.14757900,2026-08-17 03:15:39+00:00,2.147579,104.771893,assigned,IMO-9257022,0.482946912521129,0.911301,3,impossible_speed,8698.730826369121,8681.063223922967,219.5,1.92,1.544603707005141e-06,,0.00014331303356240565,False,False,False,False,False,False,False,False,False,False,9257022,reid,,,,2026-08-17,PIROP,False,8651,raw+reid,False,
S2B_MSIL1C_20260827T081559_N0512_R121_T37TDF_20260827T115436;38.34398600;41.1041400,2026-08-27 08:28:37.177000+00:00,41.10414,38.343986,assigned,IMO-9257022,0.8080815566736419,0.99648,2,plausible,764.7777168282273,764.7777168282279,188.1,9.95,1.7744802107180112e-08,,2.4621320546641616e-06,False,True,True,False,False,False,False,False,False,False,9257022,reid,,,,2026-08-27,PIROP,True,765,hunt+raw+reid,False,
S2A_MSIL1C_20260831T081021_N0512_R078_T37TEJ_20260831T115119;39.77803200;43.3210790,2026-08-31 08:10:21+00:00,43.321079,39.778032,assigned,IMO-9257022,0.8017589426974112,0.99648,2,impossible_speed,891.4653875275968,891.4653875275968,201.1,10.17,0.0,,,False,True,True,False,False,False,False,False,False,False,9257022,reid,,,,2026-08-31,PIROP,True,891,hunt+raw+reid,False,
S2A_MSIL1C_20260831T081021_N0512_R078_T37TEH_20260831T115119;39.77815500;43.3210790,2026-08-31 08:10:21+00:00,43.321079,39.778155,assigned,IMO-9257022,0.784018007554188,0.99648,2,impossible_speed,891.4751986939183,891.4751986939183,199.20000000000002,9.91,,,,False,True,False,False,False,False,False,False,False,True,9257022,reid,,,,2026-08-31,PIROP,True,891,hunt+raw+reid,True,not_in_pipe
S2B_MSIL1C_20260908T085549_N0512_R007_T35TPF_20260908T123452;28.51697500;40.8738870,2026-09-08 08:55:49+00:00,40.873887,28.516975,assigned,IMO-9257022,0.8941940665245056,,2,,,,228.79999999999998,7.59,0.03453526527935253,0.04482916861016602,,True,False,,,,,,,,,9257022,raw,IMO-9257022,0.8941940665245056,,2026-09-08,PIROP,True,89,raw,False,
S2B_MSIL1C_20260909T182919_N0512_R027_T13WFT_20260909T215548;-101.555835;69.4420750,2026-09-09 18:29:19+00:00,69.442075,-101.555835,assigned,IMO-9257022,0.0185016746702793,0.367501,6,plausible,7044.059706057912,,166.20000000000002,0.96,0.0,,,False,True,False,True,False,False,False,False,False,False,9257022,reid,,,,2026-09-09,PIROP,True,7044,raw+reid,True,vessel_filter
S2C_MSIL1C_20260914T082601_N0512_R021_T36RVU_20260914T120927;32.34283600;30.6970720,2026-09-14 08:26:01+00:00,30.697072,32.342836,assigned,IMO-9257022,0.5472548093956142,0.946632,3,no_ais_ping,,,296.4,0.17,,,,False,True,True,False,False,False,False,False,False,False,9257022,reid,,,,2026-09-14,PIROP,False,1233,raw+reid,False,
S2B_MSIL1C_20170629T112119_N0205_R037_T29SMC_20170629T112330;-9.06367500;38.3340810,2017-06-29 11:23:30.560000+00:00,38.334081,-9.063675,assigned,IMO-9589750,0.8125703690548711,0.99648,1,plausible,17.63540414353243,14.630372164192739,225.9,0.01,0.0006072371479198682,0.04625760539274329,0.004258724876914946,False,False,False,False,False,False,False,False,False,False,9589750,reid,,,,2017-06-29,STRATEG,False,3245,raw+reid,False,
S2B_MSIL1C_20170709T112119_N0205_R037_T29SMC_20170709T112113;-9.08162700;38.3239760,2017-07-09 11:21:13.460000+00:00,38.323976,-9.081627,assigned,IMO-9589750,0.8006584130185388,0.99648,1,plausible,14.451945088943146,18.07339575219162,215.79999999999998,0.18,0.0005922856359628009,0.049457503222058836,0.004153865719109508,False,False,False,False,False,False,False,False,False,False,9589750,reid,,,,2017-07-09,STRATEG,False,3247,raw+reid,False,
S2A_MSIL1C_20170720T115221_N0205_R123_T28QCM_20170720T115219;-16.7453340;24.3353330,2017-07-20 11:52:19.460000+00:00,24.335333,-16.745334,assigned,IMO-9589750,0.04821037821541552,0.446394,32,impossible_speed,1708.9556649981857,1705.9614978797847,207.8,13.27,3.780973820056751e-05,,0.0002356869714545363,False,False,False,False,False,False,False,False,False,False,9589750,reid,,,,2017-07-20,STRATEG,False,4621,raw+reid,False,
S2B_MSIL1C_20170722T113319_N0205_R080_T29SMC_20170722T113318;-9.36384900;38.4359130,2017-07-22 11:33:18.460000+00:00,38.435913,-9.363849,assigned,IMO-9589750,0.7930611798444467,0.99648,1,plausible,8.157319782837279,5.56163069402973,260.79999999999995,0.28,5.6995819693738386e-06,0.014076883184250839,7.786834223572372e-05,False,False,False,False,False,False,False,False,False,False,9589750,reid,,,,2017-07-22,STRATEG,False,3267,raw+reid,False,
S2A_MSIL1C_20180119T183701_N0206_R027_T11RLP_20180119T202704;-119.044079;30.2180580,2018-01-19 18:36:59.460000+00:00,30.218058,-119.044079,novel,,0.0,,1,,,,255.6,11.79,0.0004397496312221807,0.04054452519976605,0.008692931488772919,False,False,,,,,,,,,9589750,raw,IMO-9589750,0.0,,2018-01-19,STRATEG,False,11387,raw,False,
S2B_MSIL1C_20191107T091059_N0208_R050_T34SGA_20191107T110956;24.00104400;32.0606110,2019-11-07 09:21:32.573000+00:00,32.060611,24.001044,assigned,IMO-9589750,0.8057892891291019,0.99648,12,plausible,4.721465610463521,65.88799344468732,293.9,1.61,0.0,,,False,True,True,False,False,False,False,False,False,False,9589750,reid,,,,2019-11-07,STRATEG,False,1152,raw+reid,False,
S2A_MSIL1C_20200122T084241_N0208_R064_T36TWN_20200122T090910;33.14856100;43.1220130,2020-01-22 08:48:12.689000+00:00,43.122013,33.148561,assigned,IMO-9589750,0.6512717140886863,0.978112,10,plausible,415.29993041156,149.20174947606927,274.40000000000003,14.04,4.816951374677728e-07,,1.0704336388172728e-05,False,True,True,False,False,False,False,False,False,False,9589750,reid,,,,2020-01-22,STRATEG,False,374,raw+reid,False,
S2A_MSIL1C_20200201T084151_N0208_R064_T36TWP_20200201T101319;34.28289800;43.3423730,2020-02-01 08:47:56.880000+00:00,43.342373,34.282898,assigned,IMO-9589750,0.818271441159041,0.996629,1,plausible,63.91292720253286,467.8639137478968,241.20000000000002,12.16,7.418477445703274e-05,,0.0007113955150555019,False,False,False,False,False,False,False,False,False,False,9589750,reid,,,,2020-02-01,STRATEG,False,468,raw+reid,False,
S2A_MSIL1C_20200227T035721_N0209_R004_T46NFM_20200227T065747;94.55611700;6.12737900,2020-02-27 04:16:43.821000+00:00,6.127379,94.556117,assigned,IMO-9589750,0.8137491856928172,0.99648,2,plausible,365.9927983255303,81.33295285116499,234.1,11.12,1.4135569894264877e-05,,9.913672667143844e-05,False,False,False,False,False,False,False,False,False,False,9589750,reid,,,,2020-02-27,STRATEG,False,7527,raw+reid,False,
S2B_MSIL1C_20200306T022549_N0209_R046_T51QTC_20200306T041515;120.3590040;20.3138030,2020-03-06 02:42:03.758000+00:00,20.313803,120.359004,assigned,IMO-9589750,0.8105414245974885,0.99648,2,plausible,2780.911484572417,394.33641496427396,193.79999999999998,9.41,9.971073363144428e-05,,0.0006215467747076955,False,False,False,False,False,False,False,False,False,False,9589750,reid,,,,2020-03-06,STRATEG,False,8627,raw+reid,False,
S2B_MSIL1C_20200319T023549_N0209_R089_T50QMD_20200319T061118;116.2655630;16.2925310,2020-03-19 02:53:14.424000+00:00,16.292531,116.265563,assigned,IMO-9589750,0.8313325508357252,0.996629,2,plausible,1094.9398260303037,1024.0317316521812,231.9,12.82,0.0,,,False,True,True,False,False,False,False,False,False,False,9589750,reid,,,,2020-03-19,STRATEG,False,8584,raw+reid,False,
S2A_MSIL1C_20200519T025551_N0209_R032_T49PBK_20200519T060344;109.0612030;8.64271800,2020-05-19 03:15:47.844000+00:00,8.642718,109.061203,assigned,IMO-9589750,0.8447265975474103,0.996629,2,plausible,1051.1392060944083,362.42990590131177,236.20000000000002,12.53,0.0,,,False,True,True,False,False,False,False,False,False,False,9589750,reid,,,,2020-05-19,STRATEG,False,8539,raw+reid,False,
S2A_MSIL1C_20201220T071311_N0209_R106_T39RWJ_20201220T083728;52.08317300;26.0113940,2020-12-20 07:22:30.073000+00:00,26.011394,52.083173,assigned,IMO-9589750,0.8286961465952949,0.996629,1,plausible,43.095520324054796,58.22088588360049,251.70000000000002,0.29,8.40269525595723e-06,,8.057771642789478e-05,False,True,True,False,False,False,False,False,False,False,9589750,reid,,,,2020-12-20,STRATEG,False,2726,raw+reid,False,
S2B_MSIL1C_20210327T093039_N0209_R136_T34RBU_20210327T113550;18.59973900;30.5288970,2021-03-27 09:42:09.519000+00:00,30.528897,18.599739,assigned,IMO-9589750,0.8978539109230042,,1,,,,243.4,0.83,0.00044214800091647703,,0.004239981952427693,False,False,,,,,,,,,9589750,raw,IMO-9589750,0.8978539109230042,,2021-03-27,STRATEG,False,1547,raw,False,
S2A_MSIL1C_20211009T103941_N0301_R008_T31TFJ_20211009T124809;4.885158000;43.4128170,2021-10-09 10:48:55.466000+00:00,43.412817,4.885158,assigned,IMO-9589750,0.7647773226366468,0.991075,7,plausible,17.277405741870833,28.11261164877379,300.0,0.21,0.0005890644643239295,0.00439707952520012,0.12534248194941652,False,False,False,False,False,False,False,False,False,False,9589750,reid,,,,2021-10-09,STRATEG,False,1988,raw+reid,False,
S2A_MSIL1C_20230128T023951_N0509_R089_T51SVU_20230128T042657;122.8264130;34.4516990,2023-01-28 02:48:00.887000+00:00,34.451699,122.826413,assigned,IMO-9589750,0.7818812207468397,0.99648,4,plausible,248.91323169004107,296.5393508322956,308.8,10.14,0.0004551137895017616,0.03484371030153165,0.012949714521301198,False,False,False,False,False,False,False,False,False,False,9589750,reid,,,,2023-01-28,STRATEG,False,7829,raw+reid,False,
S2A_MSIL1C_20230808T081611_N0509_R121_T37TDK_20230914T183222;37.88571300;44.5913050,2023-08-08 08:27:47.012000+00:00,44.591305,37.885713,assigned,IMO-9589750,0.7787181821989542,0.99648,4,plausible,13.027228869022945,240.3270692127622,299.8,0.09,0.0,,,False,True,True,False,False,False,False,False,False,False,9589750,reid,,,,2023-08-08,STRATEG,False,788,raw+reid,False,
S2B_MSIL1C_20230902T031529_N0509_R118_T48NTG_20230902T065656;102.9685820;1.51532200,2023-09-02 03:37:55.212000+00:00,1.515322,102.968582,assigned,IMO-9589750,0.7480941527420235,0.991075,4,plausible,,159.4642505661204,317.3,5.23,0.00010058130852008692,,0.002235140189335265,False,False,False,False,False,False,False,False,False,False,9589750,reid,,,,2023-09-02,STRATEG,False,8561,raw+reid,False,
S2A_MSIL1C_20230909T021541_N0509_R003_T51RVK_20230909T043802;123.0060660;26.4036340,2023-09-09 02:30:26.905000+00:00,26.403634,123.006066,assigned,IMO-9589750,0.7908769746825328,0.99648,5,plausible,3403.4847166134323,674.1521959920706,221.70000000000002,11.17,3.6740842230331086e-06,,8.164631606740242e-05,False,True,True,False,False,False,False,False,False,False,9589750,reid,,,,2023-09-09,STRATEG,False,8401,raw+reid,False,
S2B_MSIL1C_20240409T081609_N0510_R121_T37TCK_20240409T090526;37.70309600;44.6168350,2024-04-09 08:27:45.510000+00:00,44.616835,37.703096,assigned,IMO-9589750,0.8046241406815291,0.99648,4,plausible,297.7800064703726,15.80644615902027,274.40000000000003,11.03,9.095274988820594e-09,8.682184255438343e-07,0.009095274988820595,False,False,False,False,False,False,False,False,False,False,9589750,reid,,,,2024-04-09,STRATEG,False,775,raw+reid,False,
S2A_MSIL1C_20240417T082601_N0510_R021_T37TCK_20240417T103244;37.49625800;44.5437180,2024-04-17 08:37:46.301000+00:00,44.543718,37.496258,assigned,IMO-9589750,0.7159629178408835,0.985507,5,plausible,41.507169945622344,410.87543774316566,235.9,0.6,7.35018193849686e-06,,0.00014529774099818852,False,False,False,False,False,False,False,False,False,False,9589750,reid,,,,2024-04-17,STRATEG,False,757,raw+reid,False,
S2B_MSIL1C_20240601T082559_N0510_R021_T37TDK_20240601T092213;37.74549100;44.5678840,2024-06-01 08:37:39.785000+00:00,44.567884,37.745491,assigned,IMO-9589750,0.7739293191418142,0.991639,6,plausible,17.1027665513167,11.158550068773884,228.9,3.16,2.376156411457438e-05,,0.0001666465310230017,False,False,False,False,False,False,False,False,False,False,9589750,reid,,,,2024-06-01,STRATEG,False,776,raw+reid,False,
S2A_MSIL1C_20240603T081611_N0510_R121_T37TDK_20240603T102037;37.89098800;44.5855950,2024-06-03 08:27:52.046000+00:00,44.585595,37.890988,assigned,IMO-9589750,0.7634334368424334,0.991075,5,plausible,24.854183468158148,20.90737772663739,286.70000000000005,0.06,0.0,,,False,True,True,False,False,False,False,False,False,False,9589750,reid,,,,2024-06-03,STRATEG,False,788,raw+reid,False,
S2A_MSIL1C_20240606T082611_N0510_R021_T37TCK_20240606T103032;37.73541600;44.6085550,2024-06-06 08:37:48.625000+00:00,44.608555,37.735416,assigned,IMO-9589750,0.7627747415057229,0.991075,6,plausible,8.352630924727208,41.69230762855508,281.2,0.06,5.5134337641943734e-09,1.0000567994909816e-06,0.0055134337641943735,False,False,False,False,False,False,False,False,False,False,9589750,reid,,,,2024-06-06,STRATEG,False,777,raw+reid,False,
S2B_MSIL1C_20240611T082609_N0510_R021_T36SUA_20240611T103040;31.57647500;32.0688630,2024-06-11 08:41:26.803000+00:00,32.068863,31.576475,assigned,IMO-9589750,0.7668914911720321,0.991075,7,plausible,36.28405297118517,203.90907134898436,196.70000000000002,0.49,0.0,,,False,True,True,False,False,False,False,False,False,False,9589750,reid,,,,2024-06-11,STRATEG,False,1081,raw+reid,False,
S2B_MSIL1C_20250531T095029_N0511_R079_T36WVB_20250531T103740;33.13781400;69.0669630,2025-05-31 09:51:15.438000+00:00,69.066963,33.137814,assigned,IMO-9589750,0.3907775453238216,0.864067,7,plausible,0.13344371907029595,27.487171951816585,283.0,0.35,7.473167175435218e-07,,4.562451967753363e-05,False,True,True,False,False,False,False,False,False,False,9589750,reid,,,,2025-05-31,STRATEG,False,3064,raw+reid,False,
S2A_MSIL1C_20250531T100051_N0511_R122_T36WWB_20250531T102334;33.13856700;69.0669620,2025-05-31 10:01:21.808000+00:00,69.066962,33.138567,assigned,IMO-9589750,0.4837479618959861,0.911301,5,plausible,0.11017400167547814,27.470249316086516,309.5,0.05,6.256372082335379e-07,0.0003353244590932956,3.819584982907317e-05,False,True,True,False,False,False,False,False,False,False,9589750,reid,,,,2025-05-31,STRATEG,False,3064,raw+reid,False,
S2A_MSIL1C_20250604T094121_N0511_R036_T36WWB_20250604T100140;33.11498700;69.0661730,2025-06-04 09:41:29.666000+00:00,69.066173,33.114987,assigned,IMO-9589750,0.8908242583274841,,5,,,,287.2,0.16,8.278090635356534e-05,,0.005053866723692498,False,False,,,,,,,,,9589750,raw,IMO-9589750,0.8908242583274841,,2025-06-04,STRATEG,False,3064,raw,False,
S2B_MSIL1C_20250607T094029_N0511_R036_T36WWB_20250607T113452;33.11673500;69.0647360,2025-06-07 09:41:09.821000+00:00,69.064736,33.116735,assigned,IMO-9589750,0.8983246684074402,,7,,,,320.0,0.08,5.7457359395262674e-06,,5.509878284309728e-05,False,True,,,,,,,,,9589750,raw,IMO-9589750,0.8983246684074402,,2025-06-07,STRATEG,False,3064,raw,False,
S2A_MSIL1C_20250607T095041_N0511_R079_T36WWB_20250607T104115;33.11723600;69.0645570,2025-06-07 09:51:24.010000+00:00,69.064557,33.117236,assigned,IMO-9589750,0.8802337050437927,,4,,,,308.0,0.31,1.4561423134811964e-05,,0.00013963688892699232,False,False,,,,,,,,,9589750,raw,IMO-9589750,0.8802337050437927,,2025-06-07,STRATEG,False,3064,raw,False,
S2C_MSIL1C_20250708T063651_N0511_R120_T40REN_20250708T100549;57.96937700;24.8321930,2025-07-08 06:53:01.578000+00:00,24.832193,57.969377,assigned,IMO-9589750,0.7749055314287361,0.99648,5,plausible,469.92265801837266,6960.94582348535,230.3,0.33,1.5919282611997235e-08,,2.0481220488412927e-05,False,True,True,False,False,False,False,False,False,False,9589750,reid,,,,2025-07-08,STRATEG,False,3244,raw+reid,False,
S2B_MSIL1C_20250726T064629_N0511_R020_T40RDP_20250726T084155;56.56261400;25.3940630,2025-07-26 07:02:24.909000+00:00,25.394063,56.562614,assigned,IMO-9589750,0.7682627185890425,0.991075,4,plausible,0.08620683287111422,765.5092436855381,277.7,0.12,3.826606867748808e-06,,0.0005309504931514609,False,False,False,False,False,False,False,False,False,False,9589750,reid,,,,2025-07-26,STRATEG,False,3097,raw+reid,False,
S2B_MSIL1C_20250730T062629_N0511_R077_T40QGL_20250730T082251;59.63513500;22.9921200,2025-07-30 06:43:06.161000+00:00,22.99212,59.635135,assigned,IMO-9589750,0.7403135313146656,0.989556,7,plausible,410.37559677545175,531.9830566906941,221.9,11.64,0.0,,,False,True,True,False,False,False,False,False,False,False,9589750,reid,,,,2025-07-30,STRATEG,False,3508,raw+reid,False,
S2B_MSIL1C_20250911T100029_N0511_R122_T36WWB_20250911T121257;33.07785500;69.0618890,2025-09-11 10:01:03.376000+00:00,69.061889,33.077855,assigned,IMO-9589750,0.9108478426933289,,6,,,,313.8,0.2,0.0,,,False,True,,,,,,,,,9589750,raw,IMO-9589750,0.9108478426933289,,2025-09-11,STRATEG,False,3064,raw,False,
S2A_MSIL1C_20250915T095041_N0511_R079_T36WVB_20250915T101159;33.07835700;69.0619780,2025-09-15 09:51:27.824000+00:00,69.061978,33.078357,assigned,IMO-9589750,0.9124036431312561,,4,,,,294.20000000000005,0.39,5.779564159631292e-07,,0.007068246545866464,False,False,,,,,,,,,9589750,raw,IMO-9589750,0.9124036431312561,,2025-09-15,STRATEG,False,3064,raw,False,
S2C_MSIL1C_20251022T015731_N0511_R060_T53TMG_20251022T034930;134.4241090;41.9718850,2025-10-22 02:05:57.474000+00:00,41.971885,134.424109,assigned,IMO-9589750,0.7856099125202007,0.99648,4,no_ais_ping,,,225.0,1.13,0.0,,,False,True,True,False,False,False,False,False,False,False,9589750,reid,,,,2025-10-22,STRATEG,False,8087,raw+reid,False,
S2B_MSIL1C_20251024T014649_N0511_R017_T53TMG_20251024T030342;134.5607050;41.7648810,2025-10-24 01:55:48.071000+00:00,41.764881,134.560705,assigned,IMO-9589750,0.7473567754291572,0.991075,5,no_ais_ping,,,260.2,0.31,0.0,,,False,True,True,False,False,False,False,False,False,False,9589750,reid,,,,2025-10-24,STRATEG,False,8111,raw+reid,False,
S2B_MSIL1C_20251027T015659_N0511_R060_T53TLG_20251027T034217;133.6928120;42.0083970,2025-10-27 02:05:48.596000+00:00,42.008397,133.692812,assigned,IMO-9589750,0.8147819339631184,0.99648,3,plausible,,7193.285955251022,190.3,10.86,0.0,,,False,True,True,False,False,False,False,False,False,False,9589750,reid,,,,2025-10-27,STRATEG,False,8039,raw+reid,False,
S2C_MSIL1C_20260114T082311_N0511_R121_T37TDK_20260114T100208;37.83521400;44.7036920,2026-01-14 08:27:44.057000+00:00,44.703692,37.835214,assigned,IMO-9589750,0.7657423048951273,0.991075,4,plausible,7.299185809403293,22.726228683611723,298.6,0.11,0.00011541349295147878,,0.0006736250433398657,False,False,False,False,False,False,False,False,False,False,9589750,reid,,,,2026-01-14,STRATEG,False,789,raw+reid,False,
S2C_MSIL1C_20260117T083301_N0511_R021_T37TDK_20260117T102748;37.87692000;44.5899580,2026-01-17 08:37:39.457000+00:00,44.589958,37.87692,assigned,IMO-9589750,0.7554293689117912,0.991075,5,plausible,3.64191526663144,15.01409474635266,299.40000000000003,0.01,0.0007712826214474849,0.007234181786328562,0.1070172354699217,False,False,False,False,False,False,False,False,False,False,9589750,reid,,,,2026-01-17,STRATEG,False,787,raw+reid,False,
S2B_MSIL1C_20260119T082149_N0511_R121_T37TDK_20260119T101404;37.87783000;44.5885270,2026-01-19 08:27:39.305000+00:00,44.588527,37.87783,assigned,IMO-9589750,0.7870458692688231,0.99648,3,plausible,15.04950886326248,4.340722366819578,265.3,0.38,1.5295637408505432e-08,0.01008840702795237,9.338157350723714e-07,False,False,False,False,False,False,False,False,False,False,9589750,reid,,,,2026-01-19,STRATEG,False,787,raw+reid,False,
S2B_MSIL1C_20260203T091059_N0511_R050_T35TME_20260203T111551;26.51612400;40.2624990,2026-02-03 09:19:08.191000+00:00,40.262499,26.516124,assigned,IMO-9589750,0.9171587228775024,,3,,,,258.4,9.06,0.018036149769083885,0.022707256657072742,0.744934558354125,True,False,,,,,,,,,9589750,raw,IMO-9589750,0.9171587228775024,,2026-02-03,STRATEG,False,262,raw,False,
S2C_MSIL1C_20260226T082921_N0512_R021_T36RVV_20260226T120912;32.24304200;31.5391580,2026-02-26 08:41:36.037000+00:00,31.539158,32.243042,assigned,IMO-9589750,0.9081727266311646,,1,,,,266.70000000000005,0.08,0.07283328754904943,0.00692704208347183,4.446553493255085,True,False,,,,,,,,,9589750,raw,IMO-9589750,0.9081727266311646,,2026-02-26,STRATEG,False,1152,raw,False,
S2C_MSIL1C_20260508T094031_N0512_R036_T35VPG_20260508T114011;29.38944500;60.1076790,2026-05-08 09:43:40.211000+00:00,60.107679,29.389445,assigned,IMO-9589750,0.8286317957847587,0.996629,1,plausible,3.17406442168539,0.20158577377915002,290.9,0.06,0.0,,,False,True,True,False,False,False,False,False,False,False,9589750,reid,,,,2026-05-08,STRATEG,False,2059,raw+reid,False,
S2B_MSIL1C_20260513T094029_N0512_R036_T35VPG_20260513T114300;29.38241700;60.1075370,2026-05-13 09:43:36.565000+00:00,60.107537,29.382417,assigned,IMO-9589750,0.7860748778022355,0.99648,2,plausible,0.4031660373133662,0.11815625000738429,297.3,0.06,0.0,,,False,True,True,False,False,False,False,False,False,False,9589750,reid,,,,2026-05-13,STRATEG,False,2059,raw+reid,False,
S2C_MSIL1C_20260525T093031_N0512_R136_T35VPG_20260525T112932;29.32246200;60.0124860,2026-05-25 09:33:41.361000+00:00,60.012486,29.322462,assigned,IMO-9589750,0.9174721240997314,,1,,,,281.4,0.14,0.006302967994753304,0.004435138541130812,0.5848085561870546,True,False,,,,,,,,,9589750,raw,IMO-9589750,0.9174721240997314,,2026-05-25,STRATEG,False,2048,raw,False,
S2B_MSIL1C_20260608T100029_N0512_R122_T34VDJ_20260608T133451;19.44983400;57.0592160,2026-06-08 10:00:29+00:00,57.059216,19.449834,assigned,IMO-9589750,0.9488624334335327,,1,,,,269.7,0.25,0.012461177123371142,0.015688445195473907,0.7607687711567466,True,False,,,,,,,,,9589750,raw,IMO-9589750,0.9488624334335327,,2026-06-08,STRATEG,False,1852,raw,False,
S2C_MSIL1C_20260619T101601_N0512_R065_T32SKG_20260619T143456;6.745778000;37.6574050,2026-06-19 10:16:01+00:00,37.657405,6.745778,assigned,IMO-9589750,0.8898710200491031,0.99719,1,plausible,38.09789603486603,552.1216245968376,252.5,11.38,,,1.4193760732172436,False,False,False,False,False,False,False,False,False,True,9589750,reid,,,,2026-06-19,STRATEG,False,1957,raw+reid,True,not_in_pipe
S2C_MSIL1C_20260620T095031_N0512_R079_T33STB_20260620T132917;12.26966400;36.9639290,2026-06-20 09:50:31+00:00,36.963929,12.269664,assigned,IMO-9589750,0.891333067976948,0.99719,1,plausible,57.62326030343812,520.4479065440604,227.7,6.93,,,1.4839888079558412,False,False,False,False,False,False,False,False,False,True,9589750,reid,,,,2026-06-20,STRATEG,False,1533,raw+reid,True,not_in_pipe
S2C_MSIL1C_20260620T095031_N0512_R079_T33STA_20260620T132917;12.26988800;36.9639340,2026-06-20 09:50:31+00:00,36.963934,12.269888,assigned,IMO-9589750,0.9044806523207605,0.99719,1,plausible,57.60387422034196,520.4287914546604,229.20000000000002,6.91,,,26.300715206371557,False,False,False,False,False,False,False,False,False,True,9589750,reid,,,,2026-06-20,STRATEG,False,1533,raw+reid,True,not_in_pipe
S2C_MSIL1C_20260620T095031_N0512_R079_T32SQF_20260620T132917;12.26946100;36.9639920,2026-06-20 09:50:31+00:00,36.963992,12.269461,assigned,IMO-9589750,0.9041674297704958,0.99719,1,plausible,57.64233435109546,520.4671272803334,209.1,5.73,,,26.670304210095225,False,False,False,False,False,False,False,False,False,True,9589750,reid,,,,2026-06-20,STRATEG,False,1534,raw+reid,True,not_in_pipe
S2C_MSIL1C_20260720T030521_N0512_R075_T48NVH_20260720T064112;104.6971290;1.83109900,2026-07-20 03:05:21+00:00,1.831099,104.697129,assigned,IMO-9589750,0.856444955121848,0.996629,1,plausible,21.460344831755943,0.0905427698496601,281.6,0.41,0.0,,,False,True,True,False,False,False,False,False,False,False,9589750,reid,,,,2026-07-20,STRATEG,False,8679,raw+reid,False,
S2A_MSIL1C_20260724T035211_N0512_R104_T47NLF_20260724T072355;97.77487600;5.35440200,2026-07-24 03:52:11+00:00,5.354402,97.774876,assigned,IMO-9589750,0.7987674213555884,0.99648,2,plausible,287.7629663976609,701.4076317566827,214.5,11.99,,,22.20015679841772,False,False,False,False,False,False,False,False,False,True,9589750,reid,,,,2026-07-24,STRATEG,False,7847,raw+reid,True,not_in_pipe
S2C_MSIL1C_20260729T051651_N0512_R062_T43NDJ_20260729T085650;74.17047700;7.44614500,2026-07-29 05:16:51+00:00,7.446145,74.170477,assigned,IMO-9589750,0.7693905108389316,0.991075,7,plausible,140.253197359199,616.5602136544559,283.0,14.14,,,1.0140876416021203,False,False,False,False,False,False,False,False,False,True,9589750,reid,,,,2026-07-29,STRATEG,False,5830,raw+reid,True,not_in_pipe
S2A_MSIL1C_20260816T085721_N0512_R007_T35TLE_20260816T123923;25.71754000;39.6966470,2026-08-16 08:57:21+00:00,39.696647,25.71754,assigned,IMO-9589750,0.9222999811172485,,1,,,,226.70000000000002,0.12,1.619193121399774,0.07318650973642651,32.00806520815257,True,False,,,,,,,,,9589750,raw,IMO-9589750,0.9222999811172485,,2026-08-16,STRATEG,False,354,raw,False,
S2A_MSIL1C_20260821T081641_N0512_R078_T37TFG_20260821T133002;41.33601100;42.1527290,2026-08-21 08:16:41+00:00,42.152729,41.336011,assigned,IMO-9589750,0.8469767871880016,0.996629,1,impossible_speed,1014.9360999543807,1014.9360999543807,226.9,11.82,5.028873581361778e-06,,0.00011175274625248396,False,False,False,False,False,False,False,False,False,False,9589750,reid,,,,2026-08-21,STRATEG,True,1015,hunt+raw+reid,False,
S2C_MSIL1C_20260822T081601_N0512_R121_T37TCK_20260822T103221;37.85627600;44.6853600,2026-08-22 08:27:42.948000+00:00,44.68536,37.856276,assigned,IMO-9589750,0.7780143222631217,0.99648,2,plausible,789.5131601444081,789.5131601444091,238.79999999999998,2.4,1.8582001381343357e-06,,7.67479488115265e-05,False,True,True,False,False,False,False,False,False,False,9589750,reid,,,,2026-08-22,STRATEG,True,790,hunt+raw+reid,False,
S2B_MSIL1C_20260827T081559_N0512_R121_T37TEJ_20260827T115436;39.19807700;43.9085510,2026-08-27 08:27:50.121000+00:00,43.908551,39.198077,assigned,IMO-9589750,0.7676467499512896,0.991075,2,impossible_speed,863.9225218070457,863.9225218070457,269.8,9.3,0.0,,,False,True,True,False,False,False,False,False,False,False,9589750,reid,,,,2026-08-27,STRATEG,True,864,hunt+raw+reid,False,
S2C_MSIL1C_20260831T084601_N0512_R107_T35TPF_20260831T122939;29.25144900;41.3972670,2026-08-31 08:46:01+00:00,41.397267,29.251449,assigned,IMO-9589750,0.8717438691449821,0.99719,1,plausible,4.314180725778463,73.79660998262638,233.4,0.07,0.0,,,False,True,True,False,False,False,False,False,False,False,9589750,reid,,,,2026-08-31,STRATEG,False,25,hunt+raw+reid,False,
S2A_MSIL1C_20170527T083601_N0205_R064_T36TWM_20170527T083652;33.47540600;42.3991550,2017-05-27 08:36:52.970000+00:00,42.399155,33.475406,assigned,IMO-9314882,0.5995603735798447,0.96355,9,plausible,99.13361883282377,272.8931529515211,201.9,13.6,1.3004952982906941e-08,0.040210637709879794,9.12073923361547e-08,False,False,False,False,False,False,False,False,False,False,9314882,reid,,,,2017-05-27,VAGA,False,372,raw+reid,False,
S2B_MSIL1C_20170705T082009_N0205_R121_T37TCK_20170705T082529;37.10079800;44.3478680,2017-07-05 08:25:29.550000+00:00,44.347868,37.100798,assigned,IMO-9314882,0.707539597394927,0.98324,8,plausible,88.67747791625067,568.814415685664,180.2,14.2,0.0003608159089680131,,0.002105946420133684,False,False,False,False,False,False,False,False,False,False,9314882,reid,,,,2017-07-05,VAGA,False,719,raw+reid,False,
S2A_MSIL1C_20170719T084601_N0205_R107_T35TPF_20170719T085359;29.03737100;41.3216370,2017-07-19 08:53:59.290000+00:00,41.321637,29.037371,assigned,IMO-9314882,0.7181512164908526,0.985507,8,plausible,7.3607024048844,6.8345697041579285,167.3,13.53,1.3271651809660104e-08,0.004775292603060937,8.272883045698943e-08,False,False,False,False,False,False,False,False,False,False,9314882,reid,,,,2017-07-19,VAGA,False,28,raw+reid,False,
S2B_MSIL1C_20170925T104009_N0205_R008_T31TCF_20170925T104008;1.717051000;40.5839580,2017-09-25 10:40:08.460000+00:00,40.583958,1.717051,assigned,IMO-9314882,0.7453970218016366,0.989556,10,plausible,48.03825012335004,92.64025855847069,202.5,12.5,1.3170881196162682e-07,,2.9268624880361515e-06,False,True,True,False,False,False,False,False,False,False,9314882,reid,,,,2017-09-25,VAGA,False,2290,raw+reid,False,
S2A_MSIL1C_20171117T082221_N0206_R121_T37TCJ_20171117T120540;37.34868500;43.5070160,2017-11-17 08:27:13.690000+00:00,43.507016,37.348685,assigned,IMO-9314882,0.38546487224812154,0.860624,9,plausible,91.7648063359043,100.83650228134117,190.9,0.29,2.128266622328493e-05,,0.0001492613230311489,False,False,False,False,False,False,False,False,False,False,9314882,reid,,,,2017-11-17,VAGA,False,708,raw+reid,False,
S2B_MSIL1C_20180314T085729_N0206_R007_T35TNF_20180314T124608;27.46822300;40.7192290,2018-03-14 09:04:29.570000+00:00,40.719229,27.468223,assigned,IMO-9314882,0.32507544913507047,0.827635,9,plausible,33.299296042320904,524.6498419008556,187.3,3.33,1.6660743772770674e-05,,0.002311716470531199,False,False,False,False,False,False,False,False,False,False,9314882,reid,,,,2018-03-14,VAGA,False,167,raw+reid,False,
S2A_MSIL1C_20180319T104021_N0500_R008_T31TDF_20230904T103009;2.325743000;41.2225780,2018-03-19 10:40:19.460000+00:00,41.222578,2.325743,assigned,IMO-9314882,0.01415555770440946,0.367501,10,plausible,3.0025069456063664,19.28567291223456,175.79999999999998,12.59,7.615199233842276e-09,0.039796625260609675,4.444704672525023e-08,False,False,False,False,False,False,False,False,False,False,9314882,reid,,,,2018-03-19,VAGA,False,2226,raw+reid,False,
S2B_MSIL1C_20180613T082559_N0206_R021_T36TYP_20180613T103452;36.23300400;44.0282630,2018-06-13 08:30:20.220000+00:00,44.028263,36.233004,assigned,IMO-9314882,0.8073145059492823,0.99648,1,plausible,77.3561803925857,606.1593127645372,198.9,14.14,2.9621335292899618e-06,,6.582518953977693e-05,False,True,True,False,False,False,False,False,False,False,9314882,reid,,,,2018-06-13,VAGA,False,641,raw+reid,False,
S2A_MSIL1C_20180614T084601_N0206_R107_T35TQG_20180614T110529;29.77330400;41.7334100,2018-06-14 08:53:42.860000+00:00,41.73341,29.773304,assigned,IMO-9314882,0.7981870145465031,0.99648,1,plausible,46.47764196463622,108.0663825428492,178.4,12.7,3.4214830978112975e-05,,0.0007603295772913995,False,False,False,False,False,False,False,False,False,False,9314882,reid,,,,2018-06-14,VAGA,False,57,raw+reid,False,
S2B_MSIL1C_20180828T084549_N0206_R107_T35TPF_20180828T130029;28.87682900;40.7408610,2018-08-28 08:50:30.860000+00:00,40.740861,28.876829,assigned,IMO-9314882,0.8092499705725373,0.99648,1,plausible,43.17438353680471,137.9912248414089,195.79999999999998,13.89,0.0002641735392853939,,0.0016467255362182308,False,False,False,False,False,False,False,False,False,False,9314882,reid,,,,2018-08-28,VAGA,False,94,raw+reid,False,
S2A_MSIL1C_20180909T083601_N0206_R064_T36TVN_20180909T124351;32.77743500;42.9860080,2018-09-09 08:36:55.190000+00:00,42.986008,32.777435,assigned,IMO-9314882,0.8033717792619086,0.99648,2,plausible,374.79115388654577,160.53095631574942,162.2,12.28,0.00010778778508238287,,0.0006718950681726212,False,False,False,False,False,False,False,False,False,False,9314882,reid,,,,2018-09-09,VAGA,False,340,raw+reid,False,
S2B_MSIL1C_20181120T083239_N0207_R021_T36TYP_20181120T104553;36.12008900;43.9666740,2018-11-20 08:37:58.170000+00:00,43.966674,36.120089,assigned,IMO-9314882,0.7580063471978811,0.991075,4,plausible,107.91994686975667,637.9460784552763,161.20000000000002,13.65,0.00020543006795086967,,0.00128054815677918,False,False,False,False,False,False,False,False,False,False,9314882,reid,,,,2018-11-20,VAGA,False,630,raw+reid,False,
S2A_MSIL1C_20181212T100401_N0207_R122_T32SPD_20181212T103622;10.16436600;34.2644810,2018-12-12 10:11:03.420000+00:00,34.264481,10.164366,assigned,IMO-9314882,0.8367297961290774,0.996629,1,plausible,0.08628287474555424,3.619107689685488,203.0,0.05,0.0,,,False,True,True,False,False,False,False,False,False,False,9314882,reid,,,,2018-12-12,VAGA,False,1845,raw+reid,False,
S2A_MSIL1C_20191106T085141_N0208_R107_T36TVM_20191106T094848;31.83458500;42.4431190,2019-11-06 08:58:36.109000+00:00,42.443119,31.834585,assigned,IMO-9314882,0.8191398491349311,0.996629,1,plausible,212.96568753451746,559.6020446243901,175.6,14.98,9.520756256776306e-05,,0.0005556906460491163,False,False,False,False,False,False,False,False,False,False,9314882,reid,,,,2019-11-06,VAGA,False,245,raw+reid,False,
S2B_MSIL1C_20201019T085909_N0209_R007_T35TPG_20201019T111159;29.03238600;41.9757800,2020-10-19 09:08:45.074000+00:00,41.97578,29.032386,assigned,IMO-9314882,0.8120981577713025,0.99648,1,plausible,9.081880171142124,61.29021489403301,175.0,10.55,9.290031052423124e-06,,5.422240857876265e-05,False,True,True,False,False,False,False,False,False,False,9314882,reid,,,,2020-10-19,VAGA,False,46,raw+reid,False,
S2A_MSIL1C_20221101T082111_N0400_R121_T37TEG_20221101T091415;39.56660900;42.2989540,2022-11-01 08:28:25.593000+00:00,42.298954,39.566609,assigned,IMO-9314882,0.691347973477864,0.98324,4,plausible,53.33637106580792,29.83456556226158,174.20000000000002,12.98,1.0055638571401843e-05,,0.00013738128688807778,False,False,False,False,False,False,False,False,False,False,9314882,reid,,,,2022-11-01,VAGA,False,867,raw+reid,False,
S2B_MSIL1C_20240811T075609_N0511_R035_T37QCB_20240811T101413;37.32068500;19.4425410,2024-08-11 08:14:42.894000+00:00,19.442541,37.320685,assigned,IMO-9314882,0.8454935009412203,0.996629,1,plausible,14.78566985529086,506.89560059438395,212.7,1.22,0.0,,,False,True,True,False,False,False,False,False,False,False,9314882,reid,,,,2024-08-11,VAGA,False,2579,raw+reid,False,
S2A_MSIL1C_20241220T082351_N0511_R121_T37TDJ_20241220T091253;38.26531400;44.1593580,2024-12-20 08:27:56.573000+00:00,44.159358,38.265314,assigned,IMO-9314882,0.43587532401304685,0.896368,15,plausible,4.040277171648736,23.496647550304083,192.3,0.17,3.742321121783562e-07,,7.397787015815793e-06,False,True,True,False,False,False,False,False,False,False,9314882,reid,,,,2024-12-20,VAGA,False,799,raw+reid,False,
S2B_MSIL1C_20250606T082559_N0511_R021_T36RVV_20250606T105356;32.32660400;31.4916270,2025-06-06 08:41:34.407000+00:00,31.491627,32.326604,assigned,IMO-9314882,0.8123831872079315,0.99648,1,plausible,340.254276441962,340.26928650265575,198.6,0.21,5.209214462185602e-06,,3.0404220755468178e-05,False,True,True,False,False,False,False,False,False,False,9314882,reid,,,,2025-06-06,VAGA,False,1156,raw+reid,False,
S2C_MSIL1C_20250611T082621_N0511_R021_T36RVV_20250611T134934;32.32649800;31.4916270,2025-06-11 08:41:54.605000+00:00,31.491627,32.326498,assigned,IMO-9314882,0.8178875944208954,0.99648,1,plausible,0.05834778068555391,0.05520052934213509,188.6,0.24,6.931584405468312e-05,,0.0015403520901040692,False,False,False,False,False,False,False,False,False,False,9314882,reid,,,,2025-06-11,VAGA,False,1156,raw+reid,False,
S2B_MSIL1C_20251002T074639_N0511_R135_T37QDB_20251002T094336;38.77897900;19.4800030,2025-10-02 08:04:40.081000+00:00,19.480003,38.778979,assigned,IMO-9314882,0.7751773390115702,0.99648,3,plausible,431.65654021796206,152.10714718290043,151.6,11.54,6.020612200010285e-06,,5.773471104177121e-05,False,True,True,False,False,False,False,False,False,False,9314882,reid,,,,2025-10-02,VAGA,False,2620,raw+reid,False,
S2C_MSIL1C_20260428T075611_N0512_R035_T37QCB_20260428T095738;37.31188600;19.4738080,2026-04-28 08:14:39.405000+00:00,19.473808,37.311886,assigned,IMO-9314882,0.7765295009425728,0.99648,2,plausible,9.058378220209784,6.369002292529642,189.8,0.6,4.008676513996997e-07,0.0009909261838574462,1.6556757993092367e-05,False,True,True,False,False,False,False,False,False,False,9314882,reid,,,,2026-04-28,VAGA,False,2576,raw+reid,False,
S2A_MSIL1C_20260525T085431_N0512_R107_T35TPF_20260525T123226;29.34351100;40.6956650,2026-05-25 08:59:15.670000+00:00,40.695665,29.343511,assigned,IMO-9314882,0.9175521731376648,,2,,,,222.3,0.35,0.07249842172735678,0.002830884105934918,10.059322553687922,True,False,,,,,,,,,9314882,raw,IMO-9314882,0.9175521731376648,,2026-05-25,VAGA,False,99,raw,False,
S2A_MSIL1C_20260528T090411_N0512_R007_T35TPF_20260528T124001;29.34339300;40.6956670,2026-05-28 09:09:12.094000+00:00,40.695667,29.343393,assigned,IMO-9314882,0.9148461818695068,,1,,,,152.0,0.23,0.3378756463830074,0.032134740861438506,4.616095813173963,True,False,,,,,,,,,9314882,raw,IMO-9314882,0.9148461818695068,,2026-05-28,VAGA,False,99,raw,False,
S2A_MSIL1C_20260807T083531_N0512_R021_T36SVA_20260807T134813;32.26464300;31.6055060,2026-08-07 08:35:31+00:00,31.605506,32.264643,assigned,IMO-9314882,0.7926687276011535,0.99648,2,plausible,0.07792646620464531,0.07657809825357609,199.8,0.06,,,7.43708664559739,False,False,False,False,False,False,False,False,False,True,9314882,reid,,,,2026-08-07,VAGA,False,1142,raw+reid,True,not_in_pipe
S2A_MSIL1C_20260817T082751_N0512_R021_T36SVA_20260817T121053;32.26792400;31.6039010,2026-08-17 08:27:51+00:00,31.603901,32.267924,assigned,IMO-9314882,0.7443801777881163,0.989556,2,plausible,0.05374084269462804,0.06566894372680146,185.5,0.35,,,11.431214633793815,False,False,False,False,False,False,False,False,False,True,9314882,reid,,,,2026-08-17,VAGA,False,1143,raw+reid,True,not_in_pipe
S2B_MSIL1C_20260908T085549_N0512_R007_T35TNF_20260908T123452;28.10364300;40.6595010,2026-09-08 08:55:49+00:00,40.659501,28.103643,assigned,IMO-9314882,0.9061858057975769,,1,,,,155.9,14.84,0.006211346796014274,0.04189180408414664,,True,False,,,,,,,,,9314882,raw,IMO-9314882,0.9061858057975769,,2026-09-08,VAGA,False,132,raw,False,
S2B_MSIL1C_20260908T085549_N0512_R007_T35SMB_20260908T123452;26.36298100;36.9929060,2026-09-08 08:55:49+00:00,36.992906,26.362981,novel,,0.5688719153404236,,32,,,,151.1,13.17,,,,False,True,,,,,,,,,9314882,raw,IMO-9314882,0.5688719153404236,,2026-09-08,VAGA,False,561,raw,False,
S2C_MSIL1C_20260910T084601_N0512_R107_T35TPF_20260910T122926;28.76956300;40.9561320,2026-09-10 08:46:01+00:00,40.956132,28.769563,assigned,IMO-9314882,0.9344873428344727,,2,,,,197.7,0.08,0.5714915965414354,0.02684446127047609,,True,False,,,,,,,,,9314882,raw,IMO-9314882,0.9344873428344727,,2026-09-10,VAGA,False,74,raw,False,
S2A_MSIL1C_20260913T082021_N0512_R121_T37TCF_20260913T102321;37.86649500;41.3839010,2026-09-13 08:20:21+00:00,41.383901,37.866495,assigned,IMO-9314882,0.8330576256703672,0.996629,1,no_ais_ping,,,181.9,13.53,3.245353152127941e-06,,,False,True,True,False,False,False,False,False,False,False,9314882,reid,,,,2026-09-13,VAGA,True,729,raw+reid,False,
